,Citation,DOI,2.1 Flow Type.x,Task,2.1 Flow Type.y,2.2 Subtype.NEW,2.2 Subtype.x.OLD
1," Gleick & Chalecki, 1999, JAWRA.",DOI:10.1111/j.1752-1688.1999.tb04227.x,Physical,,Physical,snow melt runoff,runoff
2," Gleick & Chalecki, 1999, JAWRA.",DOI:10.1111/j.1752-1688.1999.tb04227.x,Physical,,,snow melt runoff,
3," Gleick & Chalecki, 1999, JAWRA.",DOI:10.1111/j.1752-1688.1999.tb04227.x,Physical,,,snow melt runoff,
4," Gleick & Chalecki, 1999, JAWRA.",DOI:10.1111/j.1752-1688.1999.tb04227.x,Physical,,,snow melt runoff,
5," Gleick & Chalecki, 1999, JAWRA.",DOI:10.1111/j.1752-1688.1999.tb04227.x,Physical,,,snow melt runoff,
6," Gleick & Chalecki, 1999, JAWRA.",DOI:10.1111/j.1752-1688.1999.tb04227.x,Physical,,,snow melt runoff,
7," Gleick & Chalecki, 1999, JAWRA.",DOI:10.1111/j.1752-1688.1999.tb04227.x,Physical,,,snow melt runoff,
8," Gleick & Chalecki, 1999, JAWRA.",DOI:10.1111/j.1752-1688.1999.tb04227.x,Physical,,,snow melt runoff,
9," Gleick & Chalecki, 1999, JAWRA.",DOI:10.1111/j.1752-1688.1999.tb04227.x,Physical,,,snow melt runoff,
10,"Banjoko & Eslamian, 2016, Handbook of Drought and Water Scarcity",https://www.taylorfrancis.com/chapters/edit/10.1201/9781315226781-33/environmental-evaluation-lessons-learned-case-studies-bosun-banjoko-saeid-eslamian,Physical,,Physical,wind flow,wind flow
11,"Banjoko & Eslamian, 2016, Handbook of Drought and Water Scarcity",https://www.taylorfrancis.com/chapters/edit/10.1201/9781315226781-33/environmental-evaluation-lessons-learned-case-studies-bosun-banjoko-saeid-eslamian,Physical,,,wind flow,
12,"Banjoko & Eslamian, 2016, Handbook of Drought and Water Scarcity",https://www.taylorfrancis.com/chapters/edit/10.1201/9781315226781-33/environmental-evaluation-lessons-learned-case-studies-bosun-banjoko-saeid-eslamian,Physical,,,wind flow,
13,"Banjoko & Eslamian, 2016, Handbook of Drought and Water Scarcity",https://www.taylorfrancis.com/chapters/edit/10.1201/9781315226781-33/environmental-evaluation-lessons-learned-case-studies-bosun-banjoko-saeid-eslamian,Physical,,,wind flow,
14,"Banjoko & Eslamian, 2016, Handbook of Drought and Water Scarcity",https://www.taylorfrancis.com/chapters/edit/10.1201/9781315226781-33/environmental-evaluation-lessons-learned-case-studies-bosun-banjoko-saeid-eslamian,Physical,,,wind flow,
15,"Banjoko & Eslamian, 2016, Handbook of Drought and Water Scarcity",https://www.taylorfrancis.com/chapters/edit/10.1201/9781315226781-33/environmental-evaluation-lessons-learned-case-studies-bosun-banjoko-saeid-eslamian,Physical,,,wind flow,
16,"Banjoko & Eslamian, 2016, Handbook of Drought and Water Scarcity",https://www.taylorfrancis.com/chapters/edit/10.1201/9781315226781-33/environmental-evaluation-lessons-learned-case-studies-bosun-banjoko-saeid-eslamian,Physical,,,wind flow,
17,"Banjoko & Eslamian, 2016, Handbook of Drought and Water Scarcity",https://www.taylorfrancis.com/chapters/edit/10.1201/9781315226781-33/environmental-evaluation-lessons-learned-case-studies-bosun-banjoko-saeid-eslamian,Physical,,,wind flow,
18,"Banjoko & Eslamian, 2016, Handbook of Drought and Water Scarcity",https://www.taylorfrancis.com/chapters/edit/10.1201/9781315226781-33/environmental-evaluation-lessons-learned-case-studies-bosun-banjoko-saeid-eslamian,Physical,,,wind flow,
19,"Blum, 2015, Progress in Oceanography",http://dx.doi.org/10.1016/j.pocean.2015.07.011,Physical,,Physical,sea ice retreat,sea ice retreat
20,"Blum, 2015, Progress in Oceanography",http://dx.doi.org/10.1016/j.pocean.2015.07.011,Physical,,,sea ice retreat,
21,"Blum, 2015, Progress in Oceanography",http://dx.doi.org/10.1016/j.pocean.2015.07.011,Physical,,,sea ice retreat,
22,"Blum, 2015, Progress in Oceanography",http://dx.doi.org/10.1016/j.pocean.2015.07.011,Physical,,,sea ice retreat,
23,"Blum, 2015, Progress in Oceanography",http://dx.doi.org/10.1016/j.pocean.2015.07.011,Physical,,,sea ice retreat,
24,"Blum, 2015, Progress in Oceanography",http://dx.doi.org/10.1016/j.pocean.2015.07.011,Physical,,,sea ice retreat,
25,"Blum, 2015, Progress in Oceanography",http://dx.doi.org/10.1016/j.pocean.2015.07.011,Physical,,,sea ice retreat,
26,"Blum, 2015, Progress in Oceanography",http://dx.doi.org/10.1016/j.pocean.2015.07.011,Physical,,,sea ice retreat,
27,"Blum, 2015, Progress in Oceanography",http://dx.doi.org/10.1016/j.pocean.2015.07.011,Physical,,,sea ice retreat,
28,"Chen, 2011, Journal of Sustainable Development",https://doi.org/10.5539/jsd.v4n3p32,Physical,REMOVE - NO LINK TO BIODIVERSITY,Physical,Surface water quantity,river flow
29,"Chen, 2011, Journal of Sustainable Development",https://doi.org/10.5539/jsd.v4n3p32,Physical,REMOVE - NO LINK TO BIODIVERSITY,,Surface water quantity,
30,"Chen, 2011, Journal of Sustainable Development",https://doi.org/10.5539/jsd.v4n3p32,Physical,REMOVE - NO LINK TO BIODIVERSITY,,Surface water quantity,
31,"Chen, 2011, Journal of Sustainable Development",https://doi.org/10.5539/jsd.v4n3p32,Physical,REMOVE - NO LINK TO BIODIVERSITY,,Surface water quantity,
32,"Chen, 2011, Journal of Sustainable Development",https://doi.org/10.5539/jsd.v4n3p32,Physical,REMOVE - NO LINK TO BIODIVERSITY,,Surface water quantity,
33,"Chen, 2011, Journal of Sustainable Development",https://doi.org/10.5539/jsd.v4n3p32,Physical,REMOVE - NO LINK TO BIODIVERSITY,,Surface water quantity,
34,"Chen, 2011, Journal of Sustainable Development",https://doi.org/10.5539/jsd.v4n3p32,Physical,REMOVE - NO LINK TO BIODIVERSITY,,Surface water quantity,
35,"Chen, 2011, Journal of Sustainable Development",https://doi.org/10.5539/jsd.v4n3p32,Physical,REMOVE - NO LINK TO BIODIVERSITY,,Surface water quantity,
36,"Chen, 2011, Journal of Sustainable Development",https://doi.org/10.5539/jsd.v4n3p32,Physical,REMOVE - NO LINK TO BIODIVERSITY,,Surface water quantity,
37,"Costa, D., 2021, Journal of Great Lakes Research","http://dx.doi.org/10.1016/j.jglr.2021.10.011	",Physical,groundwater quantity or quality,Physical,groundwater,groundwater
38,"Costa, D., 2021, Journal of Great Lakes Research","http://dx.doi.org/10.1016/j.jglr.2021.10.011	",Physical,groundwater quantity or quality,,groundwater,
39,"Costa, D., 2021, Journal of Great Lakes Research","http://dx.doi.org/10.1016/j.jglr.2021.10.011	",Physical,groundwater quantity or quality,,groundwater,
40,"Costa, D., 2021, Journal of Great Lakes Research","http://dx.doi.org/10.1016/j.jglr.2021.10.011	",Physical,groundwater quantity or quality,,groundwater,
41,"Costa, D., 2021, Journal of Great Lakes Research","http://dx.doi.org/10.1016/j.jglr.2021.10.011	",Physical,groundwater quantity or quality,,groundwater,
42,"Costa, D., 2021, Journal of Great Lakes Research","http://dx.doi.org/10.1016/j.jglr.2021.10.011	",Physical,groundwater quantity or quality,,groundwater,
43,"Costa, D., 2021, Journal of Great Lakes Research","http://dx.doi.org/10.1016/j.jglr.2021.10.011	",Physical,groundwater quantity or quality,,groundwater,
44,"Costa, D., 2021, Journal of Great Lakes Research","http://dx.doi.org/10.1016/j.jglr.2021.10.011	",Physical,groundwater quantity or quality,,groundwater,
45,"Costa, D., 2021, Journal of Great Lakes Research","http://dx.doi.org/10.1016/j.jglr.2021.10.011	",Physical,groundwater quantity or quality,,groundwater,
46,"Covich et al., 1997, Hydrological Processes",https://doi.org/10.1002/(SICI)1099-1085(19970630)11:8<993::AID-HYP515>3.0.CO;2-N,Physical,ground or surface?,Physical,River flow,River flow
47,"Covich et al., 1997, Hydrological Processes",https://doi.org/10.1002/(SICI)1099-1085(19970630)11:8<993::AID-HYP515>3.0.CO;2-N,Physical,ground or surface?,,River flow,
48,"Covich et al., 1997, Hydrological Processes",https://doi.org/10.1002/(SICI)1099-1085(19970630)11:8<993::AID-HYP515>3.0.CO;2-N,Physical,ground or surface?,,River flow,
49,"Covich et al., 1997, Hydrological Processes",https://doi.org/10.1002/(SICI)1099-1085(19970630)11:8<993::AID-HYP515>3.0.CO;2-N,Physical,ground or surface?,,River flow,
50,"Covich et al., 1997, Hydrological Processes",https://doi.org/10.1002/(SICI)1099-1085(19970630)11:8<993::AID-HYP515>3.0.CO;2-N,Physical,ground or surface?,,River flow,
51,"Covich et al., 1997, Hydrological Processes",https://doi.org/10.1002/(SICI)1099-1085(19970630)11:8<993::AID-HYP515>3.0.CO;2-N,Physical,ground or surface?,,River flow,
52,"Covich et al., 1997, Hydrological Processes",https://doi.org/10.1002/(SICI)1099-1085(19970630)11:8<993::AID-HYP515>3.0.CO;2-N,Physical,ground or surface?,,River flow,
53,"Covich et al., 1997, Hydrological Processes",https://doi.org/10.1002/(SICI)1099-1085(19970630)11:8<993::AID-HYP515>3.0.CO;2-N,Physical,ground or surface?,,River flow,
54,"Covich et al., 1997, Hydrological Processes",https://doi.org/10.1002/(SICI)1099-1085(19970630)11:8<993::AID-HYP515>3.0.CO;2-N,Physical,ground or surface?,,River flow,
55,"Dube et al., 2012, INTEGRATED ENVIRONMENTAL ASSESSMENT AND MANAGEMENT",https://doi.org/10.1002/ieam.1360,Physical,SPLIT INTO FRESHWATER AND MARINE IMPACTS,"Physical, Biotic",River and groundwater flows along with sediment and pollunts,River and groundwater flows along with sediment and pollunts
56,"Dube et al., 2012, INTEGRATED ENVIRONMENTAL ASSESSMENT AND MANAGEMENT",https://doi.org/10.1002/ieam.1360,Physical,SPLIT INTO FRESHWATER AND MARINE IMPACTS,,River and groundwater flows along with sediment and pollunts,
57,"Dube et al., 2012, INTEGRATED ENVIRONMENTAL ASSESSMENT AND MANAGEMENT",https://doi.org/10.1002/ieam.1360,Physical,SPLIT INTO FRESHWATER AND MARINE IMPACTS,,River and groundwater flows along with sediment and pollunts,
58,"Dube et al., 2012, INTEGRATED ENVIRONMENTAL ASSESSMENT AND MANAGEMENT",https://doi.org/10.1002/ieam.1360,Physical,SPLIT INTO FRESHWATER AND MARINE IMPACTS,,River and groundwater flows along with sediment and pollunts,
59,"Dube et al., 2012, INTEGRATED ENVIRONMENTAL ASSESSMENT AND MANAGEMENT",https://doi.org/10.1002/ieam.1360,Physical,SPLIT INTO FRESHWATER AND MARINE IMPACTS,,River and groundwater flows along with sediment and pollunts,
60,"Dube et al., 2012, INTEGRATED ENVIRONMENTAL ASSESSMENT AND MANAGEMENT",https://doi.org/10.1002/ieam.1360,Physical,SPLIT INTO FRESHWATER AND MARINE IMPACTS,,River and groundwater flows along with sediment and pollunts,
61,"Dube et al., 2012, INTEGRATED ENVIRONMENTAL ASSESSMENT AND MANAGEMENT",https://doi.org/10.1002/ieam.1360,Physical,SPLIT INTO FRESHWATER AND MARINE IMPACTS,,River and groundwater flows along with sediment and pollunts,
62,"Dube et al., 2012, INTEGRATED ENVIRONMENTAL ASSESSMENT AND MANAGEMENT",https://doi.org/10.1002/ieam.1360,Physical,SPLIT INTO FRESHWATER AND MARINE IMPACTS,,River and groundwater flows along with sediment and pollunts,
63,"Dube et al., 2012, INTEGRATED ENVIRONMENTAL ASSESSMENT AND MANAGEMENT",https://doi.org/10.1002/ieam.1360,Physical,SPLIT INTO FRESHWATER AND MARINE IMPACTS,,River and groundwater flows along with sediment and pollunts,
64,"Flannigan, 2000 , Science of the Total Environment",10.1016/S0048-9697(00)00524-6,Physical,,Physical,wildfire,Fire
65,"Flannigan, 2000 , Science of the Total Environment",10.1016/S0048-9697(00)00524-6,Physical,,,wildfire,
66,"Flannigan, 2000 , Science of the Total Environment",10.1016/S0048-9697(00)00524-6,Physical,,,wildfire,
67,"Flannigan, 2000 , Science of the Total Environment",10.1016/S0048-9697(00)00524-6,Physical,,,wildfire,
68,"Flannigan, 2000 , Science of the Total Environment",10.1016/S0048-9697(00)00524-6,Physical,,,wildfire,
69,"Flannigan, 2000 , Science of the Total Environment",10.1016/S0048-9697(00)00524-6,Physical,,,wildfire,
70,"Flannigan, 2000 , Science of the Total Environment",10.1016/S0048-9697(00)00524-6,Physical,,,wildfire,
71,"Flannigan, 2000 , Science of the Total Environment",10.1016/S0048-9697(00)00524-6,Physical,,,wildfire,
72,"Flannigan, 2000 , Science of the Total Environment",10.1016/S0048-9697(00)00524-6,Physical,,,wildfire,
73,Foulon (2020) Water Quality Research Journal,https://iwaponline.com/wqrj/article/55/1/1/69781/A-global-scan-of-how-the-issue-of-nutrient-loading,Physical,,"Physical, Biotic",nutrient flow,Nutrient Pollution Flow
74,Foulon (2020) Water Quality Research Journal,https://iwaponline.com/wqrj/article/55/1/1/69781/A-global-scan-of-how-the-issue-of-nutrient-loading,Physical,,,nutrient flow,
75,Foulon (2020) Water Quality Research Journal,https://iwaponline.com/wqrj/article/55/1/1/69781/A-global-scan-of-how-the-issue-of-nutrient-loading,Physical,,,nutrient flow,
76,Foulon (2020) Water Quality Research Journal,https://iwaponline.com/wqrj/article/55/1/1/69781/A-global-scan-of-how-the-issue-of-nutrient-loading,Physical,,,nutrient flow,
77,Foulon (2020) Water Quality Research Journal,https://iwaponline.com/wqrj/article/55/1/1/69781/A-global-scan-of-how-the-issue-of-nutrient-loading,Physical,,,nutrient flow,
78,Foulon (2020) Water Quality Research Journal,https://iwaponline.com/wqrj/article/55/1/1/69781/A-global-scan-of-how-the-issue-of-nutrient-loading,Physical,,,nutrient flow,
79,Foulon (2020) Water Quality Research Journal,https://iwaponline.com/wqrj/article/55/1/1/69781/A-global-scan-of-how-the-issue-of-nutrient-loading,Physical,,,nutrient flow,
80,Foulon (2020) Water Quality Research Journal,https://iwaponline.com/wqrj/article/55/1/1/69781/A-global-scan-of-how-the-issue-of-nutrient-loading,Physical,,,nutrient flow,
81,Foulon (2020) Water Quality Research Journal,https://iwaponline.com/wqrj/article/55/1/1/69781/A-global-scan-of-how-the-issue-of-nutrient-loading,Physical,,,nutrient flow,
82,"Gimeno et al., 2019, WIREs Climate Change",10.1002/wcc.588,Physical,NOT A STRONG LINK TO BIODIVERSITY (MORE ABOUT RESPONSE OPTIONS),Physical,Surface water quantity,river flow
83,"Gimeno et al., 2019, WIREs Climate Change",10.1002/wcc.588,Physical,NOT A STRONG LINK TO BIODIVERSITY (MORE ABOUT RESPONSE OPTIONS),,Surface water quantity,
84,"Gimeno et al., 2019, WIREs Climate Change",10.1002/wcc.588,Physical,NOT A STRONG LINK TO BIODIVERSITY (MORE ABOUT RESPONSE OPTIONS),,Surface water quantity,
85,"Gimeno et al., 2019, WIREs Climate Change",10.1002/wcc.588,Physical,NOT A STRONG LINK TO BIODIVERSITY (MORE ABOUT RESPONSE OPTIONS),,Surface water quantity,
86,"Gimeno et al., 2019, WIREs Climate Change",10.1002/wcc.588,Physical,NOT A STRONG LINK TO BIODIVERSITY (MORE ABOUT RESPONSE OPTIONS),,Surface water quantity,
87,"Gimeno et al., 2019, WIREs Climate Change",10.1002/wcc.588,Physical,NOT A STRONG LINK TO BIODIVERSITY (MORE ABOUT RESPONSE OPTIONS),,Surface water quantity,
88,"Gimeno et al., 2019, WIREs Climate Change",10.1002/wcc.588,Physical,NOT A STRONG LINK TO BIODIVERSITY (MORE ABOUT RESPONSE OPTIONS),,Surface water quantity,
89,"Gimeno et al., 2019, WIREs Climate Change",10.1002/wcc.588,Physical,NOT A STRONG LINK TO BIODIVERSITY (MORE ABOUT RESPONSE OPTIONS),,Surface water quantity,
90,"Gimeno et al., 2019, WIREs Climate Change",10.1002/wcc.588,Physical,NOT A STRONG LINK TO BIODIVERSITY (MORE ABOUT RESPONSE OPTIONS),,Surface water quantity,
91,"Grayson and Johnson, 2017, Journal of Animal Ecology","10.1111/1365-2656.12755	",Biotic,,Biotic,Invasion,Invasion
92,"Grayson and Johnson, 2017, Journal of Animal Ecology","10.1111/1365-2656.12755	",Biotic,,,Invasion,
93,"Grayson and Johnson, 2017, Journal of Animal Ecology","10.1111/1365-2656.12755	",Biotic,,,Invasion,
94,"Grayson and Johnson, 2017, Journal of Animal Ecology","10.1111/1365-2656.12755	",Biotic,,,Invasion,
95,"Grayson and Johnson, 2017, Journal of Animal Ecology","10.1111/1365-2656.12755	",Biotic,,,Invasion,
96,"Grayson and Johnson, 2017, Journal of Animal Ecology","10.1111/1365-2656.12755	",Biotic,,,Invasion,
97,"Grayson and Johnson, 2017, Journal of Animal Ecology","10.1111/1365-2656.12755	",Biotic,,,Invasion,
98,"Grayson and Johnson, 2017, Journal of Animal Ecology","10.1111/1365-2656.12755	",Biotic,,,Invasion,
99,"Grayson and Johnson, 2017, Journal of Animal Ecology","10.1111/1365-2656.12755	",Biotic,,,Invasion,
100,"Hartig, 2021, Journal of Great Lakes Research",https://www.researchgate.net/profile/Jan-Ciborowski/publication/352652269_An_ecosystem_health_assessment_of_the_Detroit_River_and_western_Lake_Erie/links/60e936321c28af3458598682/An-ecosystem-health-assessment-of-the-Detroit-River-and-western-Lake-Erie.pdf,Physical,,"Physical, Biotic",Surface water quantity,lake flow (?? all manner of things impacting the Great Lakes)
101,"Hartig, 2021, Journal of Great Lakes Research",https://www.researchgate.net/profile/Jan-Ciborowski/publication/352652269_An_ecosystem_health_assessment_of_the_Detroit_River_and_western_Lake_Erie/links/60e936321c28af3458598682/An-ecosystem-health-assessment-of-the-Detroit-River-and-western-Lake-Erie.pdf,Physical,,,Surface water quantity,
102,"Hartig, 2021, Journal of Great Lakes Research",https://www.researchgate.net/profile/Jan-Ciborowski/publication/352652269_An_ecosystem_health_assessment_of_the_Detroit_River_and_western_Lake_Erie/links/60e936321c28af3458598682/An-ecosystem-health-assessment-of-the-Detroit-River-and-western-Lake-Erie.pdf,Physical,,,Surface water quantity,
103,"Hartig, 2021, Journal of Great Lakes Research",https://www.researchgate.net/profile/Jan-Ciborowski/publication/352652269_An_ecosystem_health_assessment_of_the_Detroit_River_and_western_Lake_Erie/links/60e936321c28af3458598682/An-ecosystem-health-assessment-of-the-Detroit-River-and-western-Lake-Erie.pdf,Physical,,,Surface water quantity,
104,"Hartig, 2021, Journal of Great Lakes Research",https://www.researchgate.net/profile/Jan-Ciborowski/publication/352652269_An_ecosystem_health_assessment_of_the_Detroit_River_and_western_Lake_Erie/links/60e936321c28af3458598682/An-ecosystem-health-assessment-of-the-Detroit-River-and-western-Lake-Erie.pdf,Physical,,,Surface water quantity,
105,"Hartig, 2021, Journal of Great Lakes Research",https://www.researchgate.net/profile/Jan-Ciborowski/publication/352652269_An_ecosystem_health_assessment_of_the_Detroit_River_and_western_Lake_Erie/links/60e936321c28af3458598682/An-ecosystem-health-assessment-of-the-Detroit-River-and-western-Lake-Erie.pdf,Physical,,,Surface water quantity,
106,"Hartig, 2021, Journal of Great Lakes Research",https://www.researchgate.net/profile/Jan-Ciborowski/publication/352652269_An_ecosystem_health_assessment_of_the_Detroit_River_and_western_Lake_Erie/links/60e936321c28af3458598682/An-ecosystem-health-assessment-of-the-Detroit-River-and-western-Lake-Erie.pdf,Physical,,,Surface water quantity,
107,"Hartig, 2021, Journal of Great Lakes Research",https://www.researchgate.net/profile/Jan-Ciborowski/publication/352652269_An_ecosystem_health_assessment_of_the_Detroit_River_and_western_Lake_Erie/links/60e936321c28af3458598682/An-ecosystem-health-assessment-of-the-Detroit-River-and-western-Lake-Erie.pdf,Physical,,,Surface water quantity,
108,"Hartig, 2021, Journal of Great Lakes Research",https://www.researchgate.net/profile/Jan-Ciborowski/publication/352652269_An_ecosystem_health_assessment_of_the_Detroit_River_and_western_Lake_Erie/links/60e936321c28af3458598682/An-ecosystem-health-assessment-of-the-Detroit-River-and-western-Lake-Erie.pdf,Physical,,,Surface water quantity,
109,"Hartig, 2021, Journal of Great Lakes Research",https://www.researchgate.net/profile/Jan-Ciborowski/publication/352652269_An_ecosystem_health_assessment_of_the_Detroit_River_and_western_Lake_Erie/links/60e936321c28af3458598682/An-ecosystem-health-assessment-of-the-Detroit-River-and-western-Lake-Erie.pdf,Biotic,,"Physical, Biotic",range shift,lake flow (?? all manner of things impacting the Great Lakes)
110,"Hartig, 2021, Journal of Great Lakes Research",https://www.researchgate.net/profile/Jan-Ciborowski/publication/352652269_An_ecosystem_health_assessment_of_the_Detroit_River_and_western_Lake_Erie/links/60e936321c28af3458598682/An-ecosystem-health-assessment-of-the-Detroit-River-and-western-Lake-Erie.pdf,Biotic,,,range shift,
111,"Hartig, 2021, Journal of Great Lakes Research",https://www.researchgate.net/profile/Jan-Ciborowski/publication/352652269_An_ecosystem_health_assessment_of_the_Detroit_River_and_western_Lake_Erie/links/60e936321c28af3458598682/An-ecosystem-health-assessment-of-the-Detroit-River-and-western-Lake-Erie.pdf,Biotic,,,range shift,
112,"Hartig, 2021, Journal of Great Lakes Research",https://www.researchgate.net/profile/Jan-Ciborowski/publication/352652269_An_ecosystem_health_assessment_of_the_Detroit_River_and_western_Lake_Erie/links/60e936321c28af3458598682/An-ecosystem-health-assessment-of-the-Detroit-River-and-western-Lake-Erie.pdf,Biotic,,,range shift,
113,"Hartig, 2021, Journal of Great Lakes Research",https://www.researchgate.net/profile/Jan-Ciborowski/publication/352652269_An_ecosystem_health_assessment_of_the_Detroit_River_and_western_Lake_Erie/links/60e936321c28af3458598682/An-ecosystem-health-assessment-of-the-Detroit-River-and-western-Lake-Erie.pdf,Biotic,,,range shift,
114,"Hartig, 2021, Journal of Great Lakes Research",https://www.researchgate.net/profile/Jan-Ciborowski/publication/352652269_An_ecosystem_health_assessment_of_the_Detroit_River_and_western_Lake_Erie/links/60e936321c28af3458598682/An-ecosystem-health-assessment-of-the-Detroit-River-and-western-Lake-Erie.pdf,Biotic,,,range shift,
115,"Hartig, 2021, Journal of Great Lakes Research",https://www.researchgate.net/profile/Jan-Ciborowski/publication/352652269_An_ecosystem_health_assessment_of_the_Detroit_River_and_western_Lake_Erie/links/60e936321c28af3458598682/An-ecosystem-health-assessment-of-the-Detroit-River-and-western-Lake-Erie.pdf,Biotic,,,range shift,
116,"Hartig, 2021, Journal of Great Lakes Research",https://www.researchgate.net/profile/Jan-Ciborowski/publication/352652269_An_ecosystem_health_assessment_of_the_Detroit_River_and_western_Lake_Erie/links/60e936321c28af3458598682/An-ecosystem-health-assessment-of-the-Detroit-River-and-western-Lake-Erie.pdf,Biotic,,,range shift,
117,"Hartig, 2021, Journal of Great Lakes Research",https://www.researchgate.net/profile/Jan-Ciborowski/publication/352652269_An_ecosystem_health_assessment_of_the_Detroit_River_and_western_Lake_Erie/links/60e936321c28af3458598682/An-ecosystem-health-assessment-of-the-Detroit-River-and-western-Lake-Erie.pdf,Biotic,,,range shift,
118,"Jager, 2021, Ecology and Evolution",https://doi.org/10.1002/ece3.8026,Physical,RE-ASSIGNed - WILDFIRES IMPACTS ON STREAM TEMP,Physical,wildfire,river flow
119,"Jager, 2021, Ecology and Evolution",https://doi.org/10.1002/ece3.8026,Physical,RE-ASSIGNed - WILDFIRES IMPACTS ON STREAM TEMP,Biotic,wildfire,migration
120,"Jager, 2021, Ecology and Evolution",https://doi.org/10.1002/ece3.8026,Physical,RE-ASSIGNed - WILDFIRES IMPACTS ON STREAM TEMP,,wildfire,
121,"Jager, 2021, Ecology and Evolution",https://doi.org/10.1002/ece3.8026,Physical,RE-ASSIGNed - WILDFIRES IMPACTS ON STREAM TEMP,,wildfire,
122,"Jager, 2021, Ecology and Evolution",https://doi.org/10.1002/ece3.8026,Physical,RE-ASSIGNed - WILDFIRES IMPACTS ON STREAM TEMP,,wildfire,
123,"Jager, 2021, Ecology and Evolution",https://doi.org/10.1002/ece3.8026,Physical,RE-ASSIGNed - WILDFIRES IMPACTS ON STREAM TEMP,,wildfire,
124,"Jager, 2021, Ecology and Evolution",https://doi.org/10.1002/ece3.8026,Physical,RE-ASSIGNed - WILDFIRES IMPACTS ON STREAM TEMP,,wildfire,
125,"Jager, 2021, Ecology and Evolution",https://doi.org/10.1002/ece3.8026,Physical,RE-ASSIGNed - WILDFIRES IMPACTS ON STREAM TEMP,,wildfire,
126,"Jager, 2021, Ecology and Evolution",https://doi.org/10.1002/ece3.8026,Physical,RE-ASSIGNed - WILDFIRES IMPACTS ON STREAM TEMP,,wildfire,
127,"Jager, 2021, Ecology and Evolution",https://doi.org/10.1002/ece3.8026,Biotic,,Physical,migration,river flow
128,"Jager, 2021, Ecology and Evolution",https://doi.org/10.1002/ece3.8026,Biotic,,Biotic,migration,migration
129,"Jager, 2021, Ecology and Evolution",https://doi.org/10.1002/ece3.8026,Biotic,,,migration,
130,"Jager, 2021, Ecology and Evolution",https://doi.org/10.1002/ece3.8026,Biotic,,,migration,
131,"Jager, 2021, Ecology and Evolution",https://doi.org/10.1002/ece3.8026,Biotic,,,migration,
132,"Jager, 2021, Ecology and Evolution",https://doi.org/10.1002/ece3.8026,Biotic,,,migration,
133,"Jager, 2021, Ecology and Evolution",https://doi.org/10.1002/ece3.8026,Biotic,,,migration,
134,"Jager, 2021, Ecology and Evolution",https://doi.org/10.1002/ece3.8026,Biotic,,,migration,
135,"Jager, 2021, Ecology and Evolution",https://doi.org/10.1002/ece3.8026,Biotic,,,migration,
136,"Jenkins et al., 2013, Advances in Parasitology",https://doi.org/10.1016/B978-0-12-407706-5.00002-2,Physical,RE-ASSIGN - CLIMATE TRIGGERS ARE OCEAN RELATED NOT FRESHWATER??,"Physical, Human movement, Trade (transport of goods and services), Sociocultural, Biotic",,"range shift, changes in freshwater run-offs, increase of tourism, agriculture,  and other human activities in the North region"
137,"Jenkins et al., 2013, Advances in Parasitology",https://doi.org/10.1016/B978-0-12-407706-5.00002-2,Physical,RE-ASSIGN - CLIMATE TRIGGERS ARE OCEAN RELATED NOT FRESHWATER??,,,
138,"Jenkins et al., 2013, Advances in Parasitology",https://doi.org/10.1016/B978-0-12-407706-5.00002-2,Physical,RE-ASSIGN - CLIMATE TRIGGERS ARE OCEAN RELATED NOT FRESHWATER??,,,
139,"Jenkins et al., 2013, Advances in Parasitology",https://doi.org/10.1016/B978-0-12-407706-5.00002-2,Physical,RE-ASSIGN - CLIMATE TRIGGERS ARE OCEAN RELATED NOT FRESHWATER??,,,
140,"Jenkins et al., 2013, Advances in Parasitology",https://doi.org/10.1016/B978-0-12-407706-5.00002-2,Physical,RE-ASSIGN - CLIMATE TRIGGERS ARE OCEAN RELATED NOT FRESHWATER??,,,
141,"Jenkins et al., 2013, Advances in Parasitology",https://doi.org/10.1016/B978-0-12-407706-5.00002-2,Physical,RE-ASSIGN - CLIMATE TRIGGERS ARE OCEAN RELATED NOT FRESHWATER??,,,
142,"Jenkins et al., 2013, Advances in Parasitology",https://doi.org/10.1016/B978-0-12-407706-5.00002-2,Physical,RE-ASSIGN - CLIMATE TRIGGERS ARE OCEAN RELATED NOT FRESHWATER??,,,
143,"Jenkins et al., 2013, Advances in Parasitology",https://doi.org/10.1016/B978-0-12-407706-5.00002-2,Physical,RE-ASSIGN - CLIMATE TRIGGERS ARE OCEAN RELATED NOT FRESHWATER??,,,
144,"Jenkins et al., 2013, Advances in Parasitology",https://doi.org/10.1016/B978-0-12-407706-5.00002-2,Physical,RE-ASSIGN - CLIMATE TRIGGERS ARE OCEAN RELATED NOT FRESHWATER??,,,
145,"Jenkins et al., 2013, Advances in Parasitology",https://doi.org/10.1016/B978-0-12-407706-5.00002-2,Human movement,,"Physical, Human movement, Trade (transport of goods and services), Sociocultural, Biotic",influx of people,"range shift, changes in freshwater run-offs, increase of tourism, agriculture,  and other human activities in the North region"
146,"Jenkins et al., 2013, Advances in Parasitology",https://doi.org/10.1016/B978-0-12-407706-5.00002-2,Human movement,,,influx of people,
147,"Jenkins et al., 2013, Advances in Parasitology",https://doi.org/10.1016/B978-0-12-407706-5.00002-2,Human movement,,,influx of people,
148,"Jenkins et al., 2013, Advances in Parasitology",https://doi.org/10.1016/B978-0-12-407706-5.00002-2,Human movement,,,influx of people,
149,"Jenkins et al., 2013, Advances in Parasitology",https://doi.org/10.1016/B978-0-12-407706-5.00002-2,Human movement,,,influx of people,
150,"Jenkins et al., 2013, Advances in Parasitology",https://doi.org/10.1016/B978-0-12-407706-5.00002-2,Human movement,,,influx of people,
151,"Jenkins et al., 2013, Advances in Parasitology",https://doi.org/10.1016/B978-0-12-407706-5.00002-2,Human movement,,,influx of people,
152,"Jenkins et al., 2013, Advances in Parasitology",https://doi.org/10.1016/B978-0-12-407706-5.00002-2,Human movement,,,influx of people,
153,"Jenkins et al., 2013, Advances in Parasitology",https://doi.org/10.1016/B978-0-12-407706-5.00002-2,Human movement,,,influx of people,
154,"Jenkins et al., 2013, Advances in Parasitology",https://doi.org/10.1016/B978-0-12-407706-5.00002-2,Trade (transport of goods and services),,"Physical, Human movement, Trade (transport of goods and services), Sociocultural, Biotic","tourism, agriculture,  and other human activities in the North region","range shift, changes in freshwater run-offs, increase of tourism, agriculture,  and other human activities in the North region"
155,"Jenkins et al., 2013, Advances in Parasitology",https://doi.org/10.1016/B978-0-12-407706-5.00002-2,Trade (transport of goods and services),,,"tourism, agriculture,  and other human activities in the North region",
156,"Jenkins et al., 2013, Advances in Parasitology",https://doi.org/10.1016/B978-0-12-407706-5.00002-2,Trade (transport of goods and services),,,"tourism, agriculture,  and other human activities in the North region",
157,"Jenkins et al., 2013, Advances in Parasitology",https://doi.org/10.1016/B978-0-12-407706-5.00002-2,Trade (transport of goods and services),,,"tourism, agriculture,  and other human activities in the North region",
158,"Jenkins et al., 2013, Advances in Parasitology",https://doi.org/10.1016/B978-0-12-407706-5.00002-2,Trade (transport of goods and services),,,"tourism, agriculture,  and other human activities in the North region",
159,"Jenkins et al., 2013, Advances in Parasitology",https://doi.org/10.1016/B978-0-12-407706-5.00002-2,Trade (transport of goods and services),,,"tourism, agriculture,  and other human activities in the North region",
160,"Jenkins et al., 2013, Advances in Parasitology",https://doi.org/10.1016/B978-0-12-407706-5.00002-2,Trade (transport of goods and services),,,"tourism, agriculture,  and other human activities in the North region",
161,"Jenkins et al., 2013, Advances in Parasitology",https://doi.org/10.1016/B978-0-12-407706-5.00002-2,Trade (transport of goods and services),,,"tourism, agriculture,  and other human activities in the North region",
162,"Jenkins et al., 2013, Advances in Parasitology",https://doi.org/10.1016/B978-0-12-407706-5.00002-2,Trade (transport of goods and services),,,"tourism, agriculture,  and other human activities in the North region",
163,"Jenkins et al., 2013, Advances in Parasitology",https://doi.org/10.1016/B978-0-12-407706-5.00002-2,Sociocultural,,"Physical, Human movement, Trade (transport of goods and services), Sociocultural, Biotic",??,"range shift, changes in freshwater run-offs, increase of tourism, agriculture,  and other human activities in the North region"
164,"Jenkins et al., 2013, Advances in Parasitology",https://doi.org/10.1016/B978-0-12-407706-5.00002-2,Sociocultural,,,??,
165,"Jenkins et al., 2013, Advances in Parasitology",https://doi.org/10.1016/B978-0-12-407706-5.00002-2,Sociocultural,,,??,
166,"Jenkins et al., 2013, Advances in Parasitology",https://doi.org/10.1016/B978-0-12-407706-5.00002-2,Sociocultural,,,??,
167,"Jenkins et al., 2013, Advances in Parasitology",https://doi.org/10.1016/B978-0-12-407706-5.00002-2,Sociocultural,,,??,
168,"Jenkins et al., 2013, Advances in Parasitology",https://doi.org/10.1016/B978-0-12-407706-5.00002-2,Sociocultural,,,??,
169,"Jenkins et al., 2013, Advances in Parasitology",https://doi.org/10.1016/B978-0-12-407706-5.00002-2,Sociocultural,,,??,
170,"Jenkins et al., 2013, Advances in Parasitology",https://doi.org/10.1016/B978-0-12-407706-5.00002-2,Sociocultural,,,??,
171,"Jenkins et al., 2013, Advances in Parasitology",https://doi.org/10.1016/B978-0-12-407706-5.00002-2,Sociocultural,,,??,
172,"Jenkins et al., 2013, Advances in Parasitology",https://doi.org/10.1016/B978-0-12-407706-5.00002-2,Biotic,,"Physical, Human movement, Trade (transport of goods and services), Sociocultural, Biotic",range shift,"range shift, changes in freshwater run-offs, increase of tourism, agriculture,  and other human activities in the North region"
173,"Jenkins et al., 2013, Advances in Parasitology",https://doi.org/10.1016/B978-0-12-407706-5.00002-2,Biotic,,,range shift,
174,"Jenkins et al., 2013, Advances in Parasitology",https://doi.org/10.1016/B978-0-12-407706-5.00002-2,Biotic,,,range shift,
175,"Jenkins et al., 2013, Advances in Parasitology",https://doi.org/10.1016/B978-0-12-407706-5.00002-2,Biotic,,,range shift,
176,"Jenkins et al., 2013, Advances in Parasitology",https://doi.org/10.1016/B978-0-12-407706-5.00002-2,Biotic,,,range shift,
177,"Jenkins et al., 2013, Advances in Parasitology",https://doi.org/10.1016/B978-0-12-407706-5.00002-2,Biotic,,,range shift,
178,"Jenkins et al., 2013, Advances in Parasitology",https://doi.org/10.1016/B978-0-12-407706-5.00002-2,Biotic,,,range shift,
179,"Jenkins et al., 2013, Advances in Parasitology",https://doi.org/10.1016/B978-0-12-407706-5.00002-2,Biotic,,,range shift,
180,"Jenkins et al., 2013, Advances in Parasitology",https://doi.org/10.1016/B978-0-12-407706-5.00002-2,Biotic,,,range shift,
181,"Laamrani et al., 2020, Forests",https://doi.org/10.3390/f11111176,Biotic,,Biotic,range-shift,range-shift
182,"Laamrani et al., 2020, Forests",https://doi.org/10.3390/f11111176,Biotic,,,range-shift,
183,"Laamrani et al., 2020, Forests",https://doi.org/10.3390/f11111176,Biotic,,,range-shift,
184,"Laamrani et al., 2020, Forests",https://doi.org/10.3390/f11111176,Biotic,,,range-shift,
185,"Laamrani et al., 2020, Forests",https://doi.org/10.3390/f11111176,Biotic,,,range-shift,
186,"Laamrani et al., 2020, Forests",https://doi.org/10.3390/f11111176,Biotic,,,range-shift,
187,"Laamrani et al., 2020, Forests",https://doi.org/10.3390/f11111176,Biotic,,,range-shift,
188,"Laamrani et al., 2020, Forests",https://doi.org/10.3390/f11111176,Biotic,,,range-shift,
189,"Laamrani et al., 2020, Forests",https://doi.org/10.3390/f11111176,Biotic,,,range-shift,
190,"Laushman, 2020, air soil and water research",https://doi.org/10.1177/1178622120950272,Physical,,Physical,wildfire,wildfire
191,"Laushman, 2020, air soil and water research",https://doi.org/10.1177/1178622120950272,Physical,,Biotic,wildfire,invasion
192,"Laushman, 2020, air soil and water research",https://doi.org/10.1177/1178622120950272,Physical,,Biotic,wildfire,biome-shift
193,"Laushman, 2020, air soil and water research",https://doi.org/10.1177/1178622120950272,Physical,,Sociocultural,wildfire,knowledge transfer
194,"Laushman, 2020, air soil and water research",https://doi.org/10.1177/1178622120950272,Physical,,,wildfire,
195,"Laushman, 2020, air soil and water research",https://doi.org/10.1177/1178622120950272,Physical,,,wildfire,
196,"Laushman, 2020, air soil and water research",https://doi.org/10.1177/1178622120950272,Physical,,,wildfire,
197,"Laushman, 2020, air soil and water research",https://doi.org/10.1177/1178622120950272,Physical,,,wildfire,
198,"Laushman, 2020, air soil and water research",https://doi.org/10.1177/1178622120950272,Physical,,,wildfire,
199,"Laushman, 2020, air soil and water research",https://doi.org/10.1177/1178622120950272,Biotic,,Physical,biome-shift,wildfire
200,"Laushman, 2020, air soil and water research",https://doi.org/10.1177/1178622120950272,Biotic,,Biotic,biome-shift,invasion
201,"Laushman, 2020, air soil and water research",https://doi.org/10.1177/1178622120950272,Biotic,,Biotic,biome-shift,biome-shift
202,"Laushman, 2020, air soil and water research",https://doi.org/10.1177/1178622120950272,Biotic,,Sociocultural,biome-shift,knowledge transfer
203,"Laushman, 2020, air soil and water research",https://doi.org/10.1177/1178622120950272,Biotic,,,biome-shift,
204,"Laushman, 2020, air soil and water research",https://doi.org/10.1177/1178622120950272,Biotic,,,biome-shift,
205,"Laushman, 2020, air soil and water research",https://doi.org/10.1177/1178622120950272,Biotic,,,biome-shift,
206,"Laushman, 2020, air soil and water research",https://doi.org/10.1177/1178622120950272,Biotic,,,biome-shift,
207,"Laushman, 2020, air soil and water research",https://doi.org/10.1177/1178622120950272,Biotic,,,biome-shift,
208,"Laushman, 2020, air soil and water research",https://doi.org/10.1177/1178622120950272,Biotic,,Physical,Invasion,wildfire
209,"Laushman, 2020, air soil and water research",https://doi.org/10.1177/1178622120950272,Biotic,,Biotic,Invasion,invasion
210,"Laushman, 2020, air soil and water research",https://doi.org/10.1177/1178622120950272,Biotic,,Biotic,Invasion,biome-shift
211,"Laushman, 2020, air soil and water research",https://doi.org/10.1177/1178622120950272,Biotic,,Sociocultural,Invasion,knowledge transfer
212,"Laushman, 2020, air soil and water research",https://doi.org/10.1177/1178622120950272,Biotic,,,Invasion,
213,"Laushman, 2020, air soil and water research",https://doi.org/10.1177/1178622120950272,Biotic,,,Invasion,
214,"Laushman, 2020, air soil and water research",https://doi.org/10.1177/1178622120950272,Biotic,,,Invasion,
215,"Laushman, 2020, air soil and water research",https://doi.org/10.1177/1178622120950272,Biotic,,,Invasion,
216,"Laushman, 2020, air soil and water research",https://doi.org/10.1177/1178622120950272,Biotic,,,Invasion,
217,"Laushman, 2020, air soil and water research",https://doi.org/10.1177/1178622120950272,Sociocultural,,Physical,knowledge transfer,wildfire
218,"Laushman, 2020, air soil and water research",https://doi.org/10.1177/1178622120950272,Sociocultural,,Biotic,knowledge transfer,invasion
219,"Laushman, 2020, air soil and water research",https://doi.org/10.1177/1178622120950272,Sociocultural,,Biotic,knowledge transfer,biome-shift
220,"Laushman, 2020, air soil and water research",https://doi.org/10.1177/1178622120950272,Sociocultural,,Sociocultural,knowledge transfer,knowledge transfer
221,"Laushman, 2020, air soil and water research",https://doi.org/10.1177/1178622120950272,Sociocultural,,,knowledge transfer,
222,"Laushman, 2020, air soil and water research",https://doi.org/10.1177/1178622120950272,Sociocultural,,,knowledge transfer,
223,"Laushman, 2020, air soil and water research",https://doi.org/10.1177/1178622120950272,Sociocultural,,,knowledge transfer,
224,"Laushman, 2020, air soil and water research",https://doi.org/10.1177/1178622120950272,Sociocultural,,,knowledge transfer,
225,"Laushman, 2020, air soil and water research",https://doi.org/10.1177/1178622120950272,Sociocultural,,,knowledge transfer,
226,"Miller et al., 2024, Biogeochemistry",https://doi.org/10.1007/s10533-023-01108-w,Physical,,Physical,pollution flow,Mercury pollution
227,"Miller et al., 2024, Biogeochemistry",https://doi.org/10.1007/s10533-023-01108-w,Physical,,,pollution flow,
228,"Miller et al., 2024, Biogeochemistry",https://doi.org/10.1007/s10533-023-01108-w,Physical,,,pollution flow,
229,"Miller et al., 2024, Biogeochemistry",https://doi.org/10.1007/s10533-023-01108-w,Physical,,,pollution flow,
230,"Miller et al., 2024, Biogeochemistry",https://doi.org/10.1007/s10533-023-01108-w,Physical,,,pollution flow,
231,"Miller et al., 2024, Biogeochemistry",https://doi.org/10.1007/s10533-023-01108-w,Physical,,,pollution flow,
232,"Miller et al., 2024, Biogeochemistry",https://doi.org/10.1007/s10533-023-01108-w,Physical,,,pollution flow,
233,"Miller et al., 2024, Biogeochemistry",https://doi.org/10.1007/s10533-023-01108-w,Physical,,,pollution flow,
234,"Miller et al., 2024, Biogeochemistry",https://doi.org/10.1007/s10533-023-01108-w,Physical,,,pollution flow,
235,"Mohan, 2009, Canadian Journal of Forest Research",10.1139/er-2017-0046,Physical,i think it is biotic,Physical,Winter thaws,Winter thaws
236,"Mohan, 2009, Canadian Journal of Forest Research",10.1139/er-2017-0046,Physical,i think it is biotic,,Winter thaws,
237,"Mohan, 2009, Canadian Journal of Forest Research",10.1139/er-2017-0046,Physical,i think it is biotic,,Winter thaws,
238,"Mohan, 2009, Canadian Journal of Forest Research",10.1139/er-2017-0046,Physical,i think it is biotic,,Winter thaws,
239,"Mohan, 2009, Canadian Journal of Forest Research",10.1139/er-2017-0046,Physical,i think it is biotic,,Winter thaws,
240,"Mohan, 2009, Canadian Journal of Forest Research",10.1139/er-2017-0046,Physical,i think it is biotic,,Winter thaws,
241,"Mohan, 2009, Canadian Journal of Forest Research",10.1139/er-2017-0046,Physical,i think it is biotic,,Winter thaws,
242,"Mohan, 2009, Canadian Journal of Forest Research",10.1139/er-2017-0046,Physical,i think it is biotic,,Winter thaws,
243,"Mohan, 2009, Canadian Journal of Forest Research",10.1139/er-2017-0046,Physical,i think it is biotic,,Winter thaws,
244,"Moore, R.D.; 2009; Hydrological Processes",10.1002/hyp.7162,Physical,,Physical,pollution flow,river flow
245,"Moore, R.D.; 2009; Hydrological Processes",10.1002/hyp.7162,Physical,,Physical,pollution flow,pollutants
246,"Moore, R.D.; 2009; Hydrological Processes",10.1002/hyp.7162,Physical,,Physical,pollution flow,sediment flow
247,"Moore, R.D.; 2009; Hydrological Processes",10.1002/hyp.7162,Physical,,,pollution flow,
248,"Moore, R.D.; 2009; Hydrological Processes",10.1002/hyp.7162,Physical,,,pollution flow,
249,"Moore, R.D.; 2009; Hydrological Processes",10.1002/hyp.7162,Physical,,,pollution flow,
250,"Moore, R.D.; 2009; Hydrological Processes",10.1002/hyp.7162,Physical,,,pollution flow,
251,"Moore, R.D.; 2009; Hydrological Processes",10.1002/hyp.7162,Physical,,,pollution flow,
252,"Moore, R.D.; 2009; Hydrological Processes",10.1002/hyp.7162,Physical,,,pollution flow,
253,"Moore, R.D.; 2009; Hydrological Processes",10.1002/hyp.7162,Physical,,Physical,sediment flow,river flow
254,"Moore, R.D.; 2009; Hydrological Processes",10.1002/hyp.7162,Physical,,Physical,sediment flow,pollutants
255,"Moore, R.D.; 2009; Hydrological Processes",10.1002/hyp.7162,Physical,,Physical,sediment flow,sediment flow
256,"Moore, R.D.; 2009; Hydrological Processes",10.1002/hyp.7162,Physical,,,sediment flow,
257,"Moore, R.D.; 2009; Hydrological Processes",10.1002/hyp.7162,Physical,,,sediment flow,
258,"Moore, R.D.; 2009; Hydrological Processes",10.1002/hyp.7162,Physical,,,sediment flow,
259,"Moore, R.D.; 2009; Hydrological Processes",10.1002/hyp.7162,Physical,,,sediment flow,
260,"Moore, R.D.; 2009; Hydrological Processes",10.1002/hyp.7162,Physical,,,sediment flow,
261,"Moore, R.D.; 2009; Hydrological Processes",10.1002/hyp.7162,Physical,,,sediment flow,
262,"Moore, R.D.; 2009; Hydrological Processes",10.1002/hyp.7162,Physical,,Physical,Glacial melt and discharge,river flow
263,"Moore, R.D.; 2009; Hydrological Processes",10.1002/hyp.7162,Physical,,Physical,Glacial melt and discharge,pollutants
264,"Moore, R.D.; 2009; Hydrological Processes",10.1002/hyp.7162,Physical,,Physical,Glacial melt and discharge,sediment flow
265,"Moore, R.D.; 2009; Hydrological Processes",10.1002/hyp.7162,Physical,,,Glacial melt and discharge,
266,"Moore, R.D.; 2009; Hydrological Processes",10.1002/hyp.7162,Physical,,,Glacial melt and discharge,
267,"Moore, R.D.; 2009; Hydrological Processes",10.1002/hyp.7162,Physical,,,Glacial melt and discharge,
268,"Moore, R.D.; 2009; Hydrological Processes",10.1002/hyp.7162,Physical,,,Glacial melt and discharge,
269,"Moore, R.D.; 2009; Hydrological Processes",10.1002/hyp.7162,Physical,,,Glacial melt and discharge,
270,"Moore, R.D.; 2009; Hydrological Processes",10.1002/hyp.7162,Physical,,,Glacial melt and discharge,
271,"Mu et al., 2011, Hydrological Processes",https://onlinelibrary.wiley.com/doi/10.1002/hyp.8367,Physical,,Physical,snow melt runoff,water flow
272,"Mu et al., 2011, Hydrological Processes",https://onlinelibrary.wiley.com/doi/10.1002/hyp.8367,Physical,,,snow melt runoff,
273,"Mu et al., 2011, Hydrological Processes",https://onlinelibrary.wiley.com/doi/10.1002/hyp.8367,Physical,,,snow melt runoff,
274,"Mu et al., 2011, Hydrological Processes",https://onlinelibrary.wiley.com/doi/10.1002/hyp.8367,Physical,,,snow melt runoff,
275,"Mu et al., 2011, Hydrological Processes",https://onlinelibrary.wiley.com/doi/10.1002/hyp.8367,Physical,,,snow melt runoff,
276,"Mu et al., 2011, Hydrological Processes",https://onlinelibrary.wiley.com/doi/10.1002/hyp.8367,Physical,,,snow melt runoff,
277,"Mu et al., 2011, Hydrological Processes",https://onlinelibrary.wiley.com/doi/10.1002/hyp.8367,Physical,,,snow melt runoff,
278,"Mu et al., 2011, Hydrological Processes",https://onlinelibrary.wiley.com/doi/10.1002/hyp.8367,Physical,,,snow melt runoff,
279,"Mu et al., 2011, Hydrological Processes",https://onlinelibrary.wiley.com/doi/10.1002/hyp.8367,Physical,,,snow melt runoff,
280,"Nielsen, 2015, Global Change Biology",doi: 10.1111/gcb.12789,Physical,,Physical,Precipiation,Precipiation
281,"Nielsen, 2015, Global Change Biology",doi: 10.1111/gcb.12789,Physical,,,Precipiation,
282,"Nielsen, 2015, Global Change Biology",doi: 10.1111/gcb.12789,Physical,,,Precipiation,
283,"Nielsen, 2015, Global Change Biology",doi: 10.1111/gcb.12789,Physical,,,Precipiation,
284,"Nielsen, 2015, Global Change Biology",doi: 10.1111/gcb.12789,Physical,,,Precipiation,
285,"Nielsen, 2015, Global Change Biology",doi: 10.1111/gcb.12789,Physical,,,Precipiation,
286,"Nielsen, 2015, Global Change Biology",doi: 10.1111/gcb.12789,Physical,,,Precipiation,
287,"Nielsen, 2015, Global Change Biology",doi: 10.1111/gcb.12789,Physical,,,Precipiation,
288,"Nielsen, 2015, Global Change Biology",doi: 10.1111/gcb.12789,Physical,,,Precipiation,
289,"Noyes, 2009, Environment International",https://www.sciencedirect.com/science/article/pii/S0160412009000543,Physical,,Physical,pollution flow,"River flow, pollutants"
290,"Noyes, 2009, Environment International",https://www.sciencedirect.com/science/article/pii/S0160412009000543,Physical,,Biotic,pollution flow,transport of toxins through animal migration
291,"Noyes, 2009, Environment International",https://www.sciencedirect.com/science/article/pii/S0160412009000543,Physical,,,pollution flow,
292,"Noyes, 2009, Environment International",https://www.sciencedirect.com/science/article/pii/S0160412009000543,Physical,,,pollution flow,
293,"Noyes, 2009, Environment International",https://www.sciencedirect.com/science/article/pii/S0160412009000543,Physical,,,pollution flow,
294,"Noyes, 2009, Environment International",https://www.sciencedirect.com/science/article/pii/S0160412009000543,Physical,,,pollution flow,
295,"Noyes, 2009, Environment International",https://www.sciencedirect.com/science/article/pii/S0160412009000543,Physical,,,pollution flow,
296,"Noyes, 2009, Environment International",https://www.sciencedirect.com/science/article/pii/S0160412009000543,Physical,,,pollution flow,
297,"Noyes, 2009, Environment International",https://www.sciencedirect.com/science/article/pii/S0160412009000543,Physical,,,pollution flow,
298,"Noyes, 2009, Environment International",https://www.sciencedirect.com/science/article/pii/S0160412009000543,Biotic,,Physical,transport of toxins through animal migration,"River flow, pollutants"
299,"Noyes, 2009, Environment International",https://www.sciencedirect.com/science/article/pii/S0160412009000543,Biotic,,Biotic,transport of toxins through animal migration,transport of toxins through animal migration
300,"Noyes, 2009, Environment International",https://www.sciencedirect.com/science/article/pii/S0160412009000543,Biotic,,,transport of toxins through animal migration,
301,"Noyes, 2009, Environment International",https://www.sciencedirect.com/science/article/pii/S0160412009000543,Biotic,,,transport of toxins through animal migration,
302,"Noyes, 2009, Environment International",https://www.sciencedirect.com/science/article/pii/S0160412009000543,Biotic,,,transport of toxins through animal migration,
303,"Noyes, 2009, Environment International",https://www.sciencedirect.com/science/article/pii/S0160412009000543,Biotic,,,transport of toxins through animal migration,
304,"Noyes, 2009, Environment International",https://www.sciencedirect.com/science/article/pii/S0160412009000543,Biotic,,,transport of toxins through animal migration,
305,"Noyes, 2009, Environment International",https://www.sciencedirect.com/science/article/pii/S0160412009000543,Biotic,,,transport of toxins through animal migration,
306,"Noyes, 2009, Environment International",https://www.sciencedirect.com/science/article/pii/S0160412009000543,Biotic,,,transport of toxins through animal migration,
307,"Ochs, 2024, Science of the Total Environment",https://doi.org/10.1016/j.scitotenv.2024.171490,Physical,Remove biotic?,"Physical, Biotic",pollution flow,"riverine dishcharge, lake circulation"
308,"Ochs, 2024, Science of the Total Environment",https://doi.org/10.1016/j.scitotenv.2024.171490,Physical,,,pollution flow,
309,"Ochs, 2024, Science of the Total Environment",https://doi.org/10.1016/j.scitotenv.2024.171490,Physical,,,pollution flow,
310,"Ochs, 2024, Science of the Total Environment",https://doi.org/10.1016/j.scitotenv.2024.171490,Physical,,,pollution flow,
311,"Ochs, 2024, Science of the Total Environment",https://doi.org/10.1016/j.scitotenv.2024.171490,Physical,,,pollution flow,
312,"Ochs, 2024, Science of the Total Environment",https://doi.org/10.1016/j.scitotenv.2024.171490,Physical,,,pollution flow,
313,"Ochs, 2024, Science of the Total Environment",https://doi.org/10.1016/j.scitotenv.2024.171490,Physical,,,pollution flow,
314,"Ochs, 2024, Science of the Total Environment",https://doi.org/10.1016/j.scitotenv.2024.171490,Physical,,,pollution flow,
315,"Ochs, 2024, Science of the Total Environment",https://doi.org/10.1016/j.scitotenv.2024.171490,Physical,,,pollution flow,
316,"Pagano, 2014, Water",10.3390/w6102862,Physical,,Physical,pollution flow,river flow
317,"Pagano, 2014, Water",10.3390/w6102862,Physical,,,pollution flow,
318,"Pagano, 2014, Water",10.3390/w6102862,Physical,,,pollution flow,
319,"Pagano, 2014, Water",10.3390/w6102862,Physical,,,pollution flow,
320,"Pagano, 2014, Water",10.3390/w6102862,Physical,,,pollution flow,
321,"Pagano, 2014, Water",10.3390/w6102862,Physical,,,pollution flow,
322,"Pagano, 2014, Water",10.3390/w6102862,Physical,,,pollution flow,
323,"Pagano, 2014, Water",10.3390/w6102862,Physical,,,pollution flow,
324,"Pagano, 2014, Water",10.3390/w6102862,Physical,,,pollution flow,
325,"Peacock, 2011, Canadian Journal of Zoology",10.1139/Z11-021,Physical,,Physical,sea ice change,sea ice
326,"Peacock, 2011, Canadian Journal of Zoology",10.1139/Z11-021,Physical,,,sea ice change,
327,"Peacock, 2011, Canadian Journal of Zoology",10.1139/Z11-021,Physical,,,sea ice change,
328,"Peacock, 2011, Canadian Journal of Zoology",10.1139/Z11-021,Physical,,,sea ice change,
329,"Peacock, 2011, Canadian Journal of Zoology",10.1139/Z11-021,Physical,,,sea ice change,
330,"Peacock, 2011, Canadian Journal of Zoology",10.1139/Z11-021,Physical,,,sea ice change,
331,"Peacock, 2011, Canadian Journal of Zoology",10.1139/Z11-021,Physical,,,sea ice change,
332,"Peacock, 2011, Canadian Journal of Zoology",10.1139/Z11-021,Physical,,,sea ice change,
333,"Peacock, 2011, Canadian Journal of Zoology",10.1139/Z11-021,Physical,,,sea ice change,
334,"Perry, 2007, Climate Change 2007",NA,Physical,,Physical,Surface water quantity,Freshwater level change
335,"Perry, 2007, Climate Change 2007",NA,Physical,,Biotic,Surface water quantity,range-shift
336,"Perry, 2007, Climate Change 2007",NA,Physical,,Trade (transport of goods and services),Surface water quantity,Energy Supply
337,"Perry, 2007, Climate Change 2007",NA,Physical,,,Surface water quantity,
338,"Perry, 2007, Climate Change 2007",NA,Physical,,,Surface water quantity,
339,"Perry, 2007, Climate Change 2007",NA,Physical,,,Surface water quantity,
340,"Perry, 2007, Climate Change 2007",NA,Physical,,,Surface water quantity,
341,"Perry, 2007, Climate Change 2007",NA,Physical,,,Surface water quantity,
342,"Perry, 2007, Climate Change 2007",NA,Physical,,,Surface water quantity,
343,"Perry, 2007, Climate Change 2007",NA,Biotic,,Physical,range-shift,Freshwater level change
344,"Perry, 2007, Climate Change 2007",NA,Biotic,,Biotic,range-shift,range-shift
345,"Perry, 2007, Climate Change 2007",NA,Biotic,,Trade (transport of goods and services),range-shift,Energy Supply
346,"Perry, 2007, Climate Change 2007",NA,Biotic,,,range-shift,
347,"Perry, 2007, Climate Change 2007",NA,Biotic,,,range-shift,
348,"Perry, 2007, Climate Change 2007",NA,Biotic,,,range-shift,
349,"Perry, 2007, Climate Change 2007",NA,Biotic,,,range-shift,
350,"Perry, 2007, Climate Change 2007",NA,Biotic,,,range-shift,
351,"Perry, 2007, Climate Change 2007",NA,Biotic,,,range-shift,
352,"Perry, 2007, Climate Change 2007",NA,Trade (transport of goods and services),,Physical,Energy Supply,Freshwater level change
353,"Perry, 2007, Climate Change 2007",NA,Trade (transport of goods and services),,Biotic,Energy Supply,range-shift
354,"Perry, 2007, Climate Change 2007",NA,Trade (transport of goods and services),,Trade (transport of goods and services),Energy Supply,Energy Supply
355,"Perry, 2007, Climate Change 2007",NA,Trade (transport of goods and services),,,Energy Supply,
356,"Perry, 2007, Climate Change 2007",NA,Trade (transport of goods and services),,,Energy Supply,
357,"Perry, 2007, Climate Change 2007",NA,Trade (transport of goods and services),,,Energy Supply,
358,"Perry, 2007, Climate Change 2007",NA,Trade (transport of goods and services),,,Energy Supply,
359,"Perry, 2007, Climate Change 2007",NA,Trade (transport of goods and services),,,Energy Supply,
360,"Perry, 2007, Climate Change 2007",NA,Trade (transport of goods and services),,,Energy Supply,
361,"Peters-Lidard et al, 2021, Climatic Change",https://doi.org/10.1007/s10584-021-03057-5,Physical,unclear if ground or surface,Physical,river flow - unclear if quantity or quality,river flow
362,"Peters-Lidard et al, 2021, Climatic Change",https://doi.org/10.1007/s10584-021-03057-5,Physical,unclear if ground or surface,,river flow - unclear if quantity or quality,
363,"Peters-Lidard et al, 2021, Climatic Change",https://doi.org/10.1007/s10584-021-03057-5,Physical,unclear if ground or surface,,river flow - unclear if quantity or quality,
364,"Peters-Lidard et al, 2021, Climatic Change",https://doi.org/10.1007/s10584-021-03057-5,Physical,unclear if ground or surface,,river flow - unclear if quantity or quality,
365,"Peters-Lidard et al, 2021, Climatic Change",https://doi.org/10.1007/s10584-021-03057-5,Physical,unclear if ground or surface,,river flow - unclear if quantity or quality,
366,"Peters-Lidard et al, 2021, Climatic Change",https://doi.org/10.1007/s10584-021-03057-5,Physical,unclear if ground or surface,,river flow - unclear if quantity or quality,
367,"Peters-Lidard et al, 2021, Climatic Change",https://doi.org/10.1007/s10584-021-03057-5,Physical,unclear if ground or surface,,river flow - unclear if quantity or quality,
368,"Peters-Lidard et al, 2021, Climatic Change",https://doi.org/10.1007/s10584-021-03057-5,Physical,unclear if ground or surface,,river flow - unclear if quantity or quality,
369,"Peters-Lidard et al, 2021, Climatic Change",https://doi.org/10.1007/s10584-021-03057-5,Physical,unclear if ground or surface,,river flow - unclear if quantity or quality,
370,"Pitman, 2020, BioScience",doi:10.1093/biosci/biaa015,Physical,,Physical,Glacial melt and discharge,Glacial runoff
371,"Pitman, 2020, BioScience",doi:10.1093/biosci/biaa015,Physical,,Biotic,Glacial melt and discharge,range Shifts
372,"Pitman, 2020, BioScience",doi:10.1093/biosci/biaa015,Physical,,,Glacial melt and discharge,
373,"Pitman, 2020, BioScience",doi:10.1093/biosci/biaa015,Physical,,,Glacial melt and discharge,
374,"Pitman, 2020, BioScience",doi:10.1093/biosci/biaa015,Physical,,,Glacial melt and discharge,
375,"Pitman, 2020, BioScience",doi:10.1093/biosci/biaa015,Physical,,,Glacial melt and discharge,
376,"Pitman, 2020, BioScience",doi:10.1093/biosci/biaa015,Physical,,,Glacial melt and discharge,
377,"Pitman, 2020, BioScience",doi:10.1093/biosci/biaa015,Physical,,,Glacial melt and discharge,
378,"Pitman, 2020, BioScience",doi:10.1093/biosci/biaa015,Physical,,,Glacial melt and discharge,
379,"Pitman, 2020, BioScience",doi:10.1093/biosci/biaa015,Biotic,,Physical,range shifts,Glacial runoff
380,"Pitman, 2020, BioScience",doi:10.1093/biosci/biaa015,Biotic,,Biotic,range shifts,range Shifts
381,"Pitman, 2020, BioScience",doi:10.1093/biosci/biaa015,Biotic,,,range shifts,
382,"Pitman, 2020, BioScience",doi:10.1093/biosci/biaa015,Biotic,,,range shifts,
383,"Pitman, 2020, BioScience",doi:10.1093/biosci/biaa015,Biotic,,,range shifts,
384,"Pitman, 2020, BioScience",doi:10.1093/biosci/biaa015,Biotic,,,range shifts,
385,"Pitman, 2020, BioScience",doi:10.1093/biosci/biaa015,Biotic,,,range shifts,
386,"Pitman, 2020, BioScience",doi:10.1093/biosci/biaa015,Biotic,,,range shifts,
387,"Pitman, 2020, BioScience",doi:10.1093/biosci/biaa015,Biotic,,,range shifts,
388,"Robinne, 2020, Journal of Hydrology",https://doi.org/10.1016/j.jhydrol.2019.124360,Physical,RE-ASSIGNed- WILDFIRES IMPACTS ON STREAM TEMP,Physical,wildfire,River flow
389,"Robinne, 2020, Journal of Hydrology",https://doi.org/10.1016/j.jhydrol.2019.124360,Physical,RE-ASSIGNed- WILDFIRES IMPACTS ON STREAM TEMP,Physical,wildfire,Wildfires
390,"Robinne, 2020, Journal of Hydrology",https://doi.org/10.1016/j.jhydrol.2019.124360,Physical,RE-ASSIGNed- WILDFIRES IMPACTS ON STREAM TEMP,,wildfire,
391,"Robinne, 2020, Journal of Hydrology",https://doi.org/10.1016/j.jhydrol.2019.124360,Physical,RE-ASSIGNed- WILDFIRES IMPACTS ON STREAM TEMP,,wildfire,
392,"Robinne, 2020, Journal of Hydrology",https://doi.org/10.1016/j.jhydrol.2019.124360,Physical,RE-ASSIGNed- WILDFIRES IMPACTS ON STREAM TEMP,,wildfire,
393,"Robinne, 2020, Journal of Hydrology",https://doi.org/10.1016/j.jhydrol.2019.124360,Physical,RE-ASSIGNed- WILDFIRES IMPACTS ON STREAM TEMP,,wildfire,
394,"Robinne, 2020, Journal of Hydrology",https://doi.org/10.1016/j.jhydrol.2019.124360,Physical,RE-ASSIGNed- WILDFIRES IMPACTS ON STREAM TEMP,,wildfire,
395,"Robinne, 2020, Journal of Hydrology",https://doi.org/10.1016/j.jhydrol.2019.124360,Physical,RE-ASSIGNed- WILDFIRES IMPACTS ON STREAM TEMP,,wildfire,
396,"Robinne, 2020, Journal of Hydrology",https://doi.org/10.1016/j.jhydrol.2019.124360,Physical,RE-ASSIGNed- WILDFIRES IMPACTS ON STREAM TEMP,,wildfire,
397,"Robinne, 2020, Journal of Hydrology",https://doi.org/10.1016/j.jhydrol.2019.124360,Physical,,Physical,wildfire,River flow
398,"Robinne, 2020, Journal of Hydrology",https://doi.org/10.1016/j.jhydrol.2019.124360,Physical,,Physical,wildfire,Wildfires
399,"Robinne, 2020, Journal of Hydrology",https://doi.org/10.1016/j.jhydrol.2019.124360,Physical,,,wildfire,
400,"Robinne, 2020, Journal of Hydrology",https://doi.org/10.1016/j.jhydrol.2019.124360,Physical,,,wildfire,
401,"Robinne, 2020, Journal of Hydrology",https://doi.org/10.1016/j.jhydrol.2019.124360,Physical,,,wildfire,
402,"Robinne, 2020, Journal of Hydrology",https://doi.org/10.1016/j.jhydrol.2019.124360,Physical,,,wildfire,
403,"Robinne, 2020, Journal of Hydrology",https://doi.org/10.1016/j.jhydrol.2019.124360,Physical,,,wildfire,
404,"Robinne, 2020, Journal of Hydrology",https://doi.org/10.1016/j.jhydrol.2019.124360,Physical,,,wildfire,
405,"Robinne, 2020, Journal of Hydrology",https://doi.org/10.1016/j.jhydrol.2019.124360,Physical,,,wildfire,
406,"Sabater, 2023, Biological Reviews",doi: 10.1111/brv.12914,Physical,TRANSBOUNDARY TOO IMPLICIT?,Physical,Surface water quantity,river flow
407,"Sabater, 2023, Biological Reviews",doi: 10.1111/brv.12914,Physical,TRANSBOUNDARY TOO IMPLICIT?,,Surface water quantity,
408,"Sabater, 2023, Biological Reviews",doi: 10.1111/brv.12914,Physical,TRANSBOUNDARY TOO IMPLICIT?,,Surface water quantity,
409,"Sabater, 2023, Biological Reviews",doi: 10.1111/brv.12914,Physical,TRANSBOUNDARY TOO IMPLICIT?,,Surface water quantity,
410,"Sabater, 2023, Biological Reviews",doi: 10.1111/brv.12914,Physical,TRANSBOUNDARY TOO IMPLICIT?,,Surface water quantity,
411,"Sabater, 2023, Biological Reviews",doi: 10.1111/brv.12914,Physical,TRANSBOUNDARY TOO IMPLICIT?,,Surface water quantity,
412,"Sabater, 2023, Biological Reviews",doi: 10.1111/brv.12914,Physical,TRANSBOUNDARY TOO IMPLICIT?,,Surface water quantity,
413,"Sabater, 2023, Biological Reviews",doi: 10.1111/brv.12914,Physical,TRANSBOUNDARY TOO IMPLICIT?,,Surface water quantity,
414,"Sabater, 2023, Biological Reviews",doi: 10.1111/brv.12914,Physical,TRANSBOUNDARY TOO IMPLICIT?,,Surface water quantity,
415,"Scavia, 2002, Estuaries",10.1007/BF02691304,Physical,,Physical,nutrient flow,riverine discharge and nutrient loading
416,"Scavia, 2002, Estuaries",10.1007/BF02691304,Physical,,Physical,nutrient flow,ocean current
417,"Scavia, 2002, Estuaries",10.1007/BF02691304,Physical,,,nutrient flow,
418,"Scavia, 2002, Estuaries",10.1007/BF02691304,Physical,,,nutrient flow,
419,"Scavia, 2002, Estuaries",10.1007/BF02691304,Physical,,,nutrient flow,
420,"Scavia, 2002, Estuaries",10.1007/BF02691304,Physical,,,nutrient flow,
421,"Scavia, 2002, Estuaries",10.1007/BF02691304,Physical,,,nutrient flow,
422,"Scavia, 2002, Estuaries",10.1007/BF02691304,Physical,,,nutrient flow,
423,"Scavia, 2002, Estuaries",10.1007/BF02691304,Physical,,,nutrient flow,
424,"Scavia, 2002, Estuaries",10.1007/BF02691304,Physical,,Physical,ocean current,riverine discharge and nutrient loading
425,"Scavia, 2002, Estuaries",10.1007/BF02691304,Physical,,Physical,ocean current,ocean current
426,"Scavia, 2002, Estuaries",10.1007/BF02691304,Physical,,,ocean current,
427,"Scavia, 2002, Estuaries",10.1007/BF02691304,Physical,,,ocean current,
428,"Scavia, 2002, Estuaries",10.1007/BF02691304,Physical,,,ocean current,
429,"Scavia, 2002, Estuaries",10.1007/BF02691304,Physical,,,ocean current,
430,"Scavia, 2002, Estuaries",10.1007/BF02691304,Physical,,,ocean current,
431,"Scavia, 2002, Estuaries",10.1007/BF02691304,Physical,,,ocean current,
432,"Scavia, 2002, Estuaries",10.1007/BF02691304,Physical,,,ocean current,
433,"Schindler, 2006, Ambio",https://doi.org/10.1579/0044-7447(2006)35[160:CEOCWA]2.0.CO;2,Physical,,Physical,pollution flow,Hydrological flows
434,"Schindler, 2006, Ambio",https://doi.org/10.1579/0044-7447(2006)35[160:CEOCWA]2.0.CO;2,Physical,,Physical,pollution flow,Pollutant flow
435,"Schindler, 2006, Ambio",https://doi.org/10.1579/0044-7447(2006)35[160:CEOCWA]2.0.CO;2,Physical,,,pollution flow,
436,"Schindler, 2006, Ambio",https://doi.org/10.1579/0044-7447(2006)35[160:CEOCWA]2.0.CO;2,Physical,,,pollution flow,
437,"Schindler, 2006, Ambio",https://doi.org/10.1579/0044-7447(2006)35[160:CEOCWA]2.0.CO;2,Physical,,,pollution flow,
438,"Schindler, 2006, Ambio",https://doi.org/10.1579/0044-7447(2006)35[160:CEOCWA]2.0.CO;2,Physical,,,pollution flow,
439,"Schindler, 2006, Ambio",https://doi.org/10.1579/0044-7447(2006)35[160:CEOCWA]2.0.CO;2,Physical,,,pollution flow,
440,"Schindler, 2006, Ambio",https://doi.org/10.1579/0044-7447(2006)35[160:CEOCWA]2.0.CO;2,Physical,,,pollution flow,
441,"Schindler, 2006, Ambio",https://doi.org/10.1579/0044-7447(2006)35[160:CEOCWA]2.0.CO;2,Physical,,,pollution flow,
442,"Schindler, 2006, Ambio",https://doi.org/10.1579/0044-7447(2006)35[160:CEOCWA]2.0.CO;2,Physical,,Physical,Surface water quantity,Hydrological flows
443,"Schindler, 2006, Ambio",https://doi.org/10.1579/0044-7447(2006)35[160:CEOCWA]2.0.CO;2,Physical,,Physical,Surface water quantity,Pollutant flow
444,"Schindler, 2006, Ambio",https://doi.org/10.1579/0044-7447(2006)35[160:CEOCWA]2.0.CO;2,Physical,,,Surface water quantity,
445,"Schindler, 2006, Ambio",https://doi.org/10.1579/0044-7447(2006)35[160:CEOCWA]2.0.CO;2,Physical,,,Surface water quantity,
446,"Schindler, 2006, Ambio",https://doi.org/10.1579/0044-7447(2006)35[160:CEOCWA]2.0.CO;2,Physical,,,Surface water quantity,
447,"Schindler, 2006, Ambio",https://doi.org/10.1579/0044-7447(2006)35[160:CEOCWA]2.0.CO;2,Physical,,,Surface water quantity,
448,"Schindler, 2006, Ambio",https://doi.org/10.1579/0044-7447(2006)35[160:CEOCWA]2.0.CO;2,Physical,,,Surface water quantity,
449,"Schindler, 2006, Ambio",https://doi.org/10.1579/0044-7447(2006)35[160:CEOCWA]2.0.CO;2,Physical,,,Surface water quantity,
450,"Schindler, 2006, Ambio",https://doi.org/10.1579/0044-7447(2006)35[160:CEOCWA]2.0.CO;2,Physical,,,Surface water quantity,
451,"Shanley, C. S., 2015, Climatic Change","10.1007/s10584-015-1355-9	",Physical,,Physical,nutrient flow,nutrient flow
452,"Shanley, C. S., 2015, Climatic Change","10.1007/s10584-015-1355-9	",Physical,,Physical,nutrient flow,river flow
453,"Shanley, C. S., 2015, Climatic Change","10.1007/s10584-015-1355-9	",Physical,,Physical,nutrient flow,snow and ice
454,"Shanley, C. S., 2015, Climatic Change","10.1007/s10584-015-1355-9	",Physical,,,nutrient flow,
455,"Shanley, C. S., 2015, Climatic Change","10.1007/s10584-015-1355-9	",Physical,,,nutrient flow,
456,"Shanley, C. S., 2015, Climatic Change","10.1007/s10584-015-1355-9	",Physical,,,nutrient flow,
457,"Shanley, C. S., 2015, Climatic Change","10.1007/s10584-015-1355-9	",Physical,,,nutrient flow,
458,"Shanley, C. S., 2015, Climatic Change","10.1007/s10584-015-1355-9	",Physical,,,nutrient flow,
459,"Shanley, C. S., 2015, Climatic Change","10.1007/s10584-015-1355-9	",Physical,,,nutrient flow,
460,"Shanley, C. S., 2015, Climatic Change","10.1007/s10584-015-1355-9	",Physical,ok this is the glacial part of ID 39,Physical,Glacial melt and discharge,nutrient flow
461,"Shanley, C. S., 2015, Climatic Change","10.1007/s10584-015-1355-9	",Physical,ok this is the glacial part of ID 39,Physical,Glacial melt and discharge,river flow
462,"Shanley, C. S., 2015, Climatic Change","10.1007/s10584-015-1355-9	",Physical,ok this is the glacial part of ID 39,Physical,Glacial melt and discharge,snow and ice
463,"Shanley, C. S., 2015, Climatic Change","10.1007/s10584-015-1355-9	",Physical,ok this is the glacial part of ID 39,,Glacial melt and discharge,
464,"Shanley, C. S., 2015, Climatic Change","10.1007/s10584-015-1355-9	",Physical,ok this is the glacial part of ID 39,,Glacial melt and discharge,
465,"Shanley, C. S., 2015, Climatic Change","10.1007/s10584-015-1355-9	",Physical,ok this is the glacial part of ID 39,,Glacial melt and discharge,
466,"Shanley, C. S., 2015, Climatic Change","10.1007/s10584-015-1355-9	",Physical,ok this is the glacial part of ID 39,,Glacial melt and discharge,
467,"Shanley, C. S., 2015, Climatic Change","10.1007/s10584-015-1355-9	",Physical,ok this is the glacial part of ID 39,,Glacial melt and discharge,
468,"Shanley, C. S., 2015, Climatic Change","10.1007/s10584-015-1355-9	",Physical,ok this is the glacial part of ID 39,,Glacial melt and discharge,
469,"Shanley, C. S., 2015, Climatic Change","10.1007/s10584-015-1355-9	",Physical,"checked - laura  - both snow melt run off and glacial discharge ...,multiple entries",Physical,snow melt runoff,nutrient flow
470,"Shanley, C. S., 2015, Climatic Change","10.1007/s10584-015-1355-9	",Physical,"checked - laura  - both snow melt run off and glacial discharge ...,multiple entries",Physical,snow melt runoff,river flow
471,"Shanley, C. S., 2015, Climatic Change","10.1007/s10584-015-1355-9	",Physical,"checked - laura  - both snow melt run off and glacial discharge ...,multiple entries",Physical,snow melt runoff,snow and ice
472,"Shanley, C. S., 2015, Climatic Change","10.1007/s10584-015-1355-9	",Physical,"checked - laura  - both snow melt run off and glacial discharge ...,multiple entries",,snow melt runoff,
473,"Shanley, C. S., 2015, Climatic Change","10.1007/s10584-015-1355-9	",Physical,"checked - laura  - both snow melt run off and glacial discharge ...,multiple entries",,snow melt runoff,
474,"Shanley, C. S., 2015, Climatic Change","10.1007/s10584-015-1355-9	",Physical,"checked - laura  - both snow melt run off and glacial discharge ...,multiple entries",,snow melt runoff,
475,"Shanley, C. S., 2015, Climatic Change","10.1007/s10584-015-1355-9	",Physical,"checked - laura  - both snow melt run off and glacial discharge ...,multiple entries",,snow melt runoff,
476,"Shanley, C. S., 2015, Climatic Change","10.1007/s10584-015-1355-9	",Physical,"checked - laura  - both snow melt run off and glacial discharge ...,multiple entries",,snow melt runoff,
477,"Shanley, C. S., 2015, Climatic Change","10.1007/s10584-015-1355-9	",Physical,"checked - laura  - both snow melt run off and glacial discharge ...,multiple entries",,snow melt runoff,
478,"Sivakumar, B.; 2011; Hydrological Sciences Journal","10.1080/02626667.2011.580747	",Physical,NOT A STRONG LINK TO BIODIVERSITY,Physical,freshwater quantities in transboundary rivers/watersheds/groundwater aquifers,freshwater quantities in transboundary rivers/watersheds/groundwater aquifers
479,"Sivakumar, B.; 2011; Hydrological Sciences Journal","10.1080/02626667.2011.580747	",Physical,NOT A STRONG LINK TO BIODIVERSITY,Sociocultural,freshwater quantities in transboundary rivers/watersheds/groundwater aquifers,transboundary water governance (often international)
480,"Sivakumar, B.; 2011; Hydrological Sciences Journal","10.1080/02626667.2011.580747	",Physical,NOT A STRONG LINK TO BIODIVERSITY,,freshwater quantities in transboundary rivers/watersheds/groundwater aquifers,
481,"Sivakumar, B.; 2011; Hydrological Sciences Journal","10.1080/02626667.2011.580747	",Physical,NOT A STRONG LINK TO BIODIVERSITY,,freshwater quantities in transboundary rivers/watersheds/groundwater aquifers,
482,"Sivakumar, B.; 2011; Hydrological Sciences Journal","10.1080/02626667.2011.580747	",Physical,NOT A STRONG LINK TO BIODIVERSITY,,freshwater quantities in transboundary rivers/watersheds/groundwater aquifers,
483,"Sivakumar, B.; 2011; Hydrological Sciences Journal","10.1080/02626667.2011.580747	",Physical,NOT A STRONG LINK TO BIODIVERSITY,,freshwater quantities in transboundary rivers/watersheds/groundwater aquifers,
484,"Sivakumar, B.; 2011; Hydrological Sciences Journal","10.1080/02626667.2011.580747	",Physical,NOT A STRONG LINK TO BIODIVERSITY,,freshwater quantities in transboundary rivers/watersheds/groundwater aquifers,
485,"Sivakumar, B.; 2011; Hydrological Sciences Journal","10.1080/02626667.2011.580747	",Physical,NOT A STRONG LINK TO BIODIVERSITY,,freshwater quantities in transboundary rivers/watersheds/groundwater aquifers,
486,"Sivakumar, B.; 2011; Hydrological Sciences Journal","10.1080/02626667.2011.580747	",Physical,NOT A STRONG LINK TO BIODIVERSITY,,freshwater quantities in transboundary rivers/watersheds/groundwater aquifers,
487,"Sivakumar, B.; 2011; Hydrological Sciences Journal","10.1080/02626667.2011.580747	",Sociocultural,,Physical,transboundary water governance (often international),freshwater quantities in transboundary rivers/watersheds/groundwater aquifers
488,"Sivakumar, B.; 2011; Hydrological Sciences Journal","10.1080/02626667.2011.580747	",Sociocultural,,Sociocultural,transboundary water governance (often international),transboundary water governance (often international)
489,"Sivakumar, B.; 2011; Hydrological Sciences Journal","10.1080/02626667.2011.580747	",Sociocultural,,,transboundary water governance (often international),
490,"Sivakumar, B.; 2011; Hydrological Sciences Journal","10.1080/02626667.2011.580747	",Sociocultural,,,transboundary water governance (often international),
491,"Sivakumar, B.; 2011; Hydrological Sciences Journal","10.1080/02626667.2011.580747	",Sociocultural,,,transboundary water governance (often international),
492,"Sivakumar, B.; 2011; Hydrological Sciences Journal","10.1080/02626667.2011.580747	",Sociocultural,,,transboundary water governance (often international),
493,"Sivakumar, B.; 2011; Hydrological Sciences Journal","10.1080/02626667.2011.580747	",Sociocultural,,,transboundary water governance (often international),
494,"Sivakumar, B.; 2011; Hydrological Sciences Journal","10.1080/02626667.2011.580747	",Sociocultural,,,transboundary water governance (often international),
495,"Sivakumar, B.; 2011; Hydrological Sciences Journal","10.1080/02626667.2011.580747	",Sociocultural,,,transboundary water governance (often international),
496,"Sudlow et al., 2023, Environmental Reviews","10.1139/er-2022-0114	",Physical,,"Physical, Biotic",stream flow,stream flow
497,"Sudlow et al., 2023, Environmental Reviews","10.1139/er-2022-0114	",Physical,,,stream flow,
498,"Sudlow et al., 2023, Environmental Reviews","10.1139/er-2022-0114	",Physical,,,stream flow,
499,"Sudlow et al., 2023, Environmental Reviews","10.1139/er-2022-0114	",Physical,,,stream flow,
500,"Sudlow et al., 2023, Environmental Reviews","10.1139/er-2022-0114	",Physical,,,stream flow,
501,"Sudlow et al., 2023, Environmental Reviews","10.1139/er-2022-0114	",Physical,,,stream flow,
502,"Sudlow et al., 2023, Environmental Reviews","10.1139/er-2022-0114	",Physical,,,stream flow,
503,"Sudlow et al., 2023, Environmental Reviews","10.1139/er-2022-0114	",Physical,,,stream flow,
504,"Sudlow et al., 2023, Environmental Reviews","10.1139/er-2022-0114	",Physical,,,stream flow,
505,"Vaddey, 2010, Watershed Management",https://doi.org/10.1061/41143(394)9,Physical,REMOVE - NO LINK TO BIODIVERSITY,Physical,,River Flow
506,"Vaddey, 2010, Watershed Management",https://doi.org/10.1061/41143(394)9,Physical,REMOVE - NO LINK TO BIODIVERSITY,,,
507,"Vaddey, 2010, Watershed Management",https://doi.org/10.1061/41143(394)9,Physical,REMOVE - NO LINK TO BIODIVERSITY,,,
508,"Vaddey, 2010, Watershed Management",https://doi.org/10.1061/41143(394)9,Physical,REMOVE - NO LINK TO BIODIVERSITY,,,
509,"Vaddey, 2010, Watershed Management",https://doi.org/10.1061/41143(394)9,Physical,REMOVE - NO LINK TO BIODIVERSITY,,,
510,"Vaddey, 2010, Watershed Management",https://doi.org/10.1061/41143(394)9,Physical,REMOVE - NO LINK TO BIODIVERSITY,,,
511,"Vaddey, 2010, Watershed Management",https://doi.org/10.1061/41143(394)9,Physical,REMOVE - NO LINK TO BIODIVERSITY,,,
512,"Vaddey, 2010, Watershed Management",https://doi.org/10.1061/41143(394)9,Physical,REMOVE - NO LINK TO BIODIVERSITY,,,
513,"Vaddey, 2010, Watershed Management",https://doi.org/10.1061/41143(394)9,Physical,REMOVE - NO LINK TO BIODIVERSITY,,,
514,"Weber, 1997, Environmental Reviews","http://dx.doi.org/10.1139/a97-008	",Physical,,Physical,wildfire,Fire
515,"Weber, 1997, Environmental Reviews","http://dx.doi.org/10.1139/a97-008	",Physical,,Biotic,wildfire,Range shift
516,"Weber, 1997, Environmental Reviews","http://dx.doi.org/10.1139/a97-008	",Physical,,,wildfire,
517,"Weber, 1997, Environmental Reviews","http://dx.doi.org/10.1139/a97-008	",Physical,,,wildfire,
518,"Weber, 1997, Environmental Reviews","http://dx.doi.org/10.1139/a97-008	",Physical,,,wildfire,
519,"Weber, 1997, Environmental Reviews","http://dx.doi.org/10.1139/a97-008	",Physical,,,wildfire,
520,"Weber, 1997, Environmental Reviews","http://dx.doi.org/10.1139/a97-008	",Physical,,,wildfire,
521,"Weber, 1997, Environmental Reviews","http://dx.doi.org/10.1139/a97-008	",Physical,,,wildfire,
522,"Weber, 1997, Environmental Reviews","http://dx.doi.org/10.1139/a97-008	",Physical,,,wildfire,
523,"Weber, 1997, Environmental Reviews","http://dx.doi.org/10.1139/a97-008	",Biotic,,Physical,Range shift,Fire
524,"Weber, 1997, Environmental Reviews","http://dx.doi.org/10.1139/a97-008	",Biotic,,Biotic,Range shift,Range shift
525,"Weber, 1997, Environmental Reviews","http://dx.doi.org/10.1139/a97-008	",Biotic,,,Range shift,
526,"Weber, 1997, Environmental Reviews","http://dx.doi.org/10.1139/a97-008	",Biotic,,,Range shift,
527,"Weber, 1997, Environmental Reviews","http://dx.doi.org/10.1139/a97-008	",Biotic,,,Range shift,
528,"Weber, 1997, Environmental Reviews","http://dx.doi.org/10.1139/a97-008	",Biotic,,,Range shift,
529,"Weber, 1997, Environmental Reviews","http://dx.doi.org/10.1139/a97-008	",Biotic,,,Range shift,
530,"Weber, 1997, Environmental Reviews","http://dx.doi.org/10.1139/a97-008	",Biotic,,,Range shift,
531,"Weber, 1997, Environmental Reviews","http://dx.doi.org/10.1139/a97-008	",Biotic,,,Range shift,
532,"Wu et al., 2022, Reviews of the Environmental Contamination and Toxicology",https://doi.org/10.1007/s44169-022-00016-8,Physical,,Physical,pollution flow,Mercury pollution
533,"Wu et al., 2022, Reviews of the Environmental Contamination and Toxicology",https://doi.org/10.1007/s44169-022-00016-8,Physical,,,pollution flow,
534,"Wu et al., 2022, Reviews of the Environmental Contamination and Toxicology",https://doi.org/10.1007/s44169-022-00016-8,Physical,,,pollution flow,
535,"Wu et al., 2022, Reviews of the Environmental Contamination and Toxicology",https://doi.org/10.1007/s44169-022-00016-8,Physical,,,pollution flow,
536,"Wu et al., 2022, Reviews of the Environmental Contamination and Toxicology",https://doi.org/10.1007/s44169-022-00016-8,Physical,,,pollution flow,
537,"Wu et al., 2022, Reviews of the Environmental Contamination and Toxicology",https://doi.org/10.1007/s44169-022-00016-8,Physical,,,pollution flow,
538,"Wu et al., 2022, Reviews of the Environmental Contamination and Toxicology",https://doi.org/10.1007/s44169-022-00016-8,Physical,,,pollution flow,
539,"Wu et al., 2022, Reviews of the Environmental Contamination and Toxicology",https://doi.org/10.1007/s44169-022-00016-8,Physical,,,pollution flow,
540,"Wu et al., 2022, Reviews of the Environmental Contamination and Toxicology",https://doi.org/10.1007/s44169-022-00016-8,Physical,,,pollution flow,
541,"Zak et al., 2020, Earth-Science Reviews",https://doi.org/10.1016/j.earscirev.2020.103446,Physical,,Physical,pollution flow,sulfate pollution
542,"Zak et al., 2020, Earth-Science Reviews",https://doi.org/10.1016/j.earscirev.2020.103446,Physical,,,pollution flow,
543,"Zak et al., 2020, Earth-Science Reviews",https://doi.org/10.1016/j.earscirev.2020.103446,Physical,,,pollution flow,
544,"Zak et al., 2020, Earth-Science Reviews",https://doi.org/10.1016/j.earscirev.2020.103446,Physical,,,pollution flow,
545,"Zak et al., 2020, Earth-Science Reviews",https://doi.org/10.1016/j.earscirev.2020.103446,Physical,,,pollution flow,
546,"Zak et al., 2020, Earth-Science Reviews",https://doi.org/10.1016/j.earscirev.2020.103446,Physical,,,pollution flow,
547,"Zak et al., 2020, Earth-Science Reviews",https://doi.org/10.1016/j.earscirev.2020.103446,Physical,,,pollution flow,
548,"Zak et al., 2020, Earth-Science Reviews",https://doi.org/10.1016/j.earscirev.2020.103446,Physical,,,pollution flow,
549,"Zak et al., 2020, Earth-Science Reviews",https://doi.org/10.1016/j.earscirev.2020.103446,Physical,,,pollution flow,
550,"de la Fontaine,  2018, Ecology",10.1002/ecy.2382,Physical,split?,"Physical, Biotic",Glacial retreat,Glacial retreat;; range shift
551,"de la Fontaine,  2018, Ecology",10.1002/ecy.2382,Physical,split?,,Glacial retreat,
552,"de la Fontaine,  2018, Ecology",10.1002/ecy.2382,Physical,split?,,Glacial retreat,
553,"de la Fontaine,  2018, Ecology",10.1002/ecy.2382,Physical,split?,,Glacial retreat,
554,"de la Fontaine,  2018, Ecology",10.1002/ecy.2382,Physical,split?,,Glacial retreat,
555,"de la Fontaine,  2018, Ecology",10.1002/ecy.2382,Physical,split?,,Glacial retreat,
556,"de la Fontaine,  2018, Ecology",10.1002/ecy.2382,Physical,split?,,Glacial retreat,
557,"de la Fontaine,  2018, Ecology",10.1002/ecy.2382,Physical,split?,,Glacial retreat,
558,"de la Fontaine,  2018, Ecology",10.1002/ecy.2382,Physical,split?,,Glacial retreat,
559,"de la Fontaine,  2018, Ecology",10.1002/ecy.2382,Biotic,split?,"Physical, Biotic",Range shift,Glacial retreat;; range shift
560,"de la Fontaine,  2018, Ecology",10.1002/ecy.2382,Biotic,split?,,Range shift,
561,"de la Fontaine,  2018, Ecology",10.1002/ecy.2382,Biotic,split?,,Range shift,
562,"de la Fontaine,  2018, Ecology",10.1002/ecy.2382,Biotic,split?,,Range shift,
563,"de la Fontaine,  2018, Ecology",10.1002/ecy.2382,Biotic,split?,,Range shift,
564,"de la Fontaine,  2018, Ecology",10.1002/ecy.2382,Biotic,split?,,Range shift,
565,"de la Fontaine,  2018, Ecology",10.1002/ecy.2382,Biotic,split?,,Range shift,
566,"de la Fontaine,  2018, Ecology",10.1002/ecy.2382,Biotic,split?,,Range shift,
567,"de la Fontaine,  2018, Ecology",10.1002/ecy.2382,Biotic,split?,,Range shift,