"","Impact","Driver","ImpactDirection","count"
"1","X2.12.Impact..Abundance","driver.Climate.change..generic.","Increase",21
"2","X2.12.Impact..Abundance","driver.Climate.change..generic.","Decrease",46
"3","X2.12.Impact..Abundance","driver.Climate.change..generic.","Complex",46
"4","X2.12.Impact..Richness","driver.Climate.change..generic.","Increase",9
"5","X2.12.Impact..Richness","driver.Climate.change..generic.","Decrease",15
"6","X2.12.Impact..Richness","driver.Climate.change..generic.","Complex",32
"7","X2.12.Impact..Loss","driver.Climate.change..generic.","Increase",24
"8","X2.12.Impact..Loss","driver.Climate.change..generic.","Decrease",5
"9","X2.12.Impact..Loss","driver.Climate.change..generic.","Complex",15
"10","X2.12.Impact..Disease","driver.Climate.change..generic.","Increase",36
"11","X2.12.Impact..Disease","driver.Climate.change..generic.","Complex",10
"12","X2.12.Impact..Invasion","driver.Climate.change..generic.","Increase",42
"13","X2.12.Impact..Invasion","driver.Climate.change..generic.","Complex",6
"14","X2.12.Impact..Composition","driver.Climate.change..generic.","Increase",19
"15","X2.12.Impact..Composition","driver.Climate.change..generic.","Decrease",2
"16","X2.12.Impact..Composition","driver.Climate.change..generic.","Complex",69
"17","X2.12.Impact..Genetics","driver.Climate.change..generic.","Increase",2
"18","X2.12.Impact..Genetics","driver.Climate.change..generic.","Decrease",7
"19","X2.12.Impact..Genetics","driver.Climate.change..generic.","Complex",11
"20","X2.12.Impact..Land.Use.Loss","driver.Climate.change..generic.","Increase",23
"21","X2.12.Impact..Land.Use.Loss","driver.Climate.change..generic.","Decrease",5
"22","X2.12.Impact..Land.Use.Loss","driver.Climate.change..generic.","Complex",2
"23","X2.12.Impact..Land.Use.Restore","driver.Climate.change..generic.","Increase",5
"24","X2.12.Impact..Land.Use.Restore","driver.Climate.change..generic.","Decrease",4
"25","X2.12.Impact..Land.Use.Restore","driver.Climate.change..generic.","Complex",5
"26","X2.12.Impact..Urbanization","driver.Climate.change..generic.","Increase",13
"27","X2.12.Impact..Urbanization","driver.Climate.change..generic.","Decrease",1
"28","X2.12.Impact..Urbanization","driver.Climate.change..generic.","Complex",1
"29","X2.12.Impact..Connectivity","driver.Climate.change..generic.","Increase",6
"30","X2.12.Impact..Connectivity","driver.Climate.change..generic.","Decrease",17
"31","X2.12.Impact..Connectivity","driver.Climate.change..generic.","Complex",8
"32","X2.12.Impact..Trophic","driver.Climate.change..generic.","Increase",12
"33","X2.12.Impact..Trophic","driver.Climate.change..generic.","Decrease",1
"34","X2.12.Impact..Trophic","driver.Climate.change..generic.","Complex",37
"35","X2.12.Impact..Indigenous.Knowledge","driver.Climate.change..generic.","Increase",3
"36","X2.12.Impact..Indigenous.Knowledge","driver.Climate.change..generic.","Decrease",3
"37","X2.12.Impact..Indigenous.Knowledge","driver.Climate.change..generic.","Complex",8
"38","X2.12.Impact..Management","driver.Climate.change..generic.","Increase",10
"39","X2.12.Impact..Management","driver.Climate.change..generic.","Decrease",1
"40","X2.12.Impact..Management","driver.Climate.change..generic.","Complex",23
"41","X2.12.Impact..Other","driver.Climate.change..generic.","Increase",18
"42","X2.12.Impact..Other","driver.Climate.change..generic.","Decrease",5
"43","X2.12.Impact..Other","driver.Climate.change..generic.","Complex",6
"44","X2.12.Impact..Abundance","driver.Drought","Increase",21
"45","X2.12.Impact..Abundance","driver.Drought","Decrease",46
"46","X2.12.Impact..Abundance","driver.Drought","Complex",46
"47","X2.12.Impact..Richness","driver.Drought","Increase",9
"48","X2.12.Impact..Richness","driver.Drought","Decrease",15
"49","X2.12.Impact..Richness","driver.Drought","Complex",32
"50","X2.12.Impact..Loss","driver.Drought","Increase",24
"51","X2.12.Impact..Loss","driver.Drought","Decrease",5
"52","X2.12.Impact..Loss","driver.Drought","Complex",15
"53","X2.12.Impact..Disease","driver.Drought","Increase",36
"54","X2.12.Impact..Disease","driver.Drought","Complex",10
"55","X2.12.Impact..Invasion","driver.Drought","Increase",42
"56","X2.12.Impact..Invasion","driver.Drought","Complex",6
"57","X2.12.Impact..Composition","driver.Drought","Increase",19
"58","X2.12.Impact..Composition","driver.Drought","Decrease",2
"59","X2.12.Impact..Composition","driver.Drought","Complex",69
"60","X2.12.Impact..Genetics","driver.Drought","Increase",2
"61","X2.12.Impact..Genetics","driver.Drought","Decrease",7
"62","X2.12.Impact..Genetics","driver.Drought","Complex",11
"63","X2.12.Impact..Land.Use.Loss","driver.Drought","Increase",23
"64","X2.12.Impact..Land.Use.Loss","driver.Drought","Decrease",5
"65","X2.12.Impact..Land.Use.Loss","driver.Drought","Complex",2
"66","X2.12.Impact..Land.Use.Restore","driver.Drought","Increase",5
"67","X2.12.Impact..Land.Use.Restore","driver.Drought","Decrease",4
"68","X2.12.Impact..Land.Use.Restore","driver.Drought","Complex",5
"69","X2.12.Impact..Urbanization","driver.Drought","Increase",13
"70","X2.12.Impact..Urbanization","driver.Drought","Decrease",1
"71","X2.12.Impact..Urbanization","driver.Drought","Complex",1
"72","X2.12.Impact..Connectivity","driver.Drought","Increase",6
"73","X2.12.Impact..Connectivity","driver.Drought","Decrease",17
"74","X2.12.Impact..Connectivity","driver.Drought","Complex",8
"75","X2.12.Impact..Trophic","driver.Drought","Increase",12
"76","X2.12.Impact..Trophic","driver.Drought","Decrease",1
"77","X2.12.Impact..Trophic","driver.Drought","Complex",37
"78","X2.12.Impact..Indigenous.Knowledge","driver.Drought","Increase",3
"79","X2.12.Impact..Indigenous.Knowledge","driver.Drought","Decrease",3
"80","X2.12.Impact..Indigenous.Knowledge","driver.Drought","Complex",8
"81","X2.12.Impact..Management","driver.Drought","Increase",10
"82","X2.12.Impact..Management","driver.Drought","Decrease",1
"83","X2.12.Impact..Management","driver.Drought","Complex",23
"84","X2.12.Impact..Other","driver.Drought","Increase",18
"85","X2.12.Impact..Other","driver.Drought","Decrease",5
"86","X2.12.Impact..Other","driver.Drought","Complex",6
"87","X2.12.Impact..Abundance","driver.Sea.level.rise","Increase",21
"88","X2.12.Impact..Abundance","driver.Sea.level.rise","Decrease",46
"89","X2.12.Impact..Abundance","driver.Sea.level.rise","Complex",46
"90","X2.12.Impact..Richness","driver.Sea.level.rise","Increase",9
"91","X2.12.Impact..Richness","driver.Sea.level.rise","Decrease",15
"92","X2.12.Impact..Richness","driver.Sea.level.rise","Complex",32
"93","X2.12.Impact..Loss","driver.Sea.level.rise","Increase",24
"94","X2.12.Impact..Loss","driver.Sea.level.rise","Decrease",5
"95","X2.12.Impact..Loss","driver.Sea.level.rise","Complex",15
"96","X2.12.Impact..Disease","driver.Sea.level.rise","Increase",36
"97","X2.12.Impact..Disease","driver.Sea.level.rise","Complex",10
"98","X2.12.Impact..Invasion","driver.Sea.level.rise","Increase",42
"99","X2.12.Impact..Invasion","driver.Sea.level.rise","Complex",6
"100","X2.12.Impact..Composition","driver.Sea.level.rise","Increase",19
"101","X2.12.Impact..Composition","driver.Sea.level.rise","Decrease",2
"102","X2.12.Impact..Composition","driver.Sea.level.rise","Complex",69
"103","X2.12.Impact..Genetics","driver.Sea.level.rise","Increase",2
"104","X2.12.Impact..Genetics","driver.Sea.level.rise","Decrease",7
"105","X2.12.Impact..Genetics","driver.Sea.level.rise","Complex",11
"106","X2.12.Impact..Land.Use.Loss","driver.Sea.level.rise","Increase",23
"107","X2.12.Impact..Land.Use.Loss","driver.Sea.level.rise","Decrease",5
"108","X2.12.Impact..Land.Use.Loss","driver.Sea.level.rise","Complex",2
"109","X2.12.Impact..Land.Use.Restore","driver.Sea.level.rise","Increase",5
"110","X2.12.Impact..Land.Use.Restore","driver.Sea.level.rise","Decrease",4
"111","X2.12.Impact..Land.Use.Restore","driver.Sea.level.rise","Complex",5
"112","X2.12.Impact..Urbanization","driver.Sea.level.rise","Increase",13
"113","X2.12.Impact..Urbanization","driver.Sea.level.rise","Decrease",1
"114","X2.12.Impact..Urbanization","driver.Sea.level.rise","Complex",1
"115","X2.12.Impact..Connectivity","driver.Sea.level.rise","Increase",6
"116","X2.12.Impact..Connectivity","driver.Sea.level.rise","Decrease",17
"117","X2.12.Impact..Connectivity","driver.Sea.level.rise","Complex",8
"118","X2.12.Impact..Trophic","driver.Sea.level.rise","Increase",12
"119","X2.12.Impact..Trophic","driver.Sea.level.rise","Decrease",1
"120","X2.12.Impact..Trophic","driver.Sea.level.rise","Complex",37
"121","X2.12.Impact..Indigenous.Knowledge","driver.Sea.level.rise","Increase",3
"122","X2.12.Impact..Indigenous.Knowledge","driver.Sea.level.rise","Decrease",3
"123","X2.12.Impact..Indigenous.Knowledge","driver.Sea.level.rise","Complex",8
"124","X2.12.Impact..Management","driver.Sea.level.rise","Increase",10
"125","X2.12.Impact..Management","driver.Sea.level.rise","Decrease",1
"126","X2.12.Impact..Management","driver.Sea.level.rise","Complex",23
"127","X2.12.Impact..Other","driver.Sea.level.rise","Increase",18
"128","X2.12.Impact..Other","driver.Sea.level.rise","Decrease",5
"129","X2.12.Impact..Other","driver.Sea.level.rise","Complex",6
"130","X2.12.Impact..Abundance","driver.Floods","Increase",21
"131","X2.12.Impact..Abundance","driver.Floods","Decrease",46
"132","X2.12.Impact..Abundance","driver.Floods","Complex",46
"133","X2.12.Impact..Richness","driver.Floods","Increase",9
"134","X2.12.Impact..Richness","driver.Floods","Decrease",15
"135","X2.12.Impact..Richness","driver.Floods","Complex",32
"136","X2.12.Impact..Loss","driver.Floods","Increase",24
"137","X2.12.Impact..Loss","driver.Floods","Decrease",5
"138","X2.12.Impact..Loss","driver.Floods","Complex",15
"139","X2.12.Impact..Disease","driver.Floods","Increase",36
"140","X2.12.Impact..Disease","driver.Floods","Complex",10
"141","X2.12.Impact..Invasion","driver.Floods","Increase",42
"142","X2.12.Impact..Invasion","driver.Floods","Complex",6
"143","X2.12.Impact..Composition","driver.Floods","Increase",19
"144","X2.12.Impact..Composition","driver.Floods","Decrease",2
"145","X2.12.Impact..Composition","driver.Floods","Complex",69
"146","X2.12.Impact..Genetics","driver.Floods","Increase",2
"147","X2.12.Impact..Genetics","driver.Floods","Decrease",7
"148","X2.12.Impact..Genetics","driver.Floods","Complex",11
"149","X2.12.Impact..Land.Use.Loss","driver.Floods","Increase",23
"150","X2.12.Impact..Land.Use.Loss","driver.Floods","Decrease",5
"151","X2.12.Impact..Land.Use.Loss","driver.Floods","Complex",2
"152","X2.12.Impact..Land.Use.Restore","driver.Floods","Increase",5
"153","X2.12.Impact..Land.Use.Restore","driver.Floods","Decrease",4
"154","X2.12.Impact..Land.Use.Restore","driver.Floods","Complex",5
"155","X2.12.Impact..Urbanization","driver.Floods","Increase",13
"156","X2.12.Impact..Urbanization","driver.Floods","Decrease",1
"157","X2.12.Impact..Urbanization","driver.Floods","Complex",1
"158","X2.12.Impact..Connectivity","driver.Floods","Increase",6
"159","X2.12.Impact..Connectivity","driver.Floods","Decrease",17
"160","X2.12.Impact..Connectivity","driver.Floods","Complex",8
"161","X2.12.Impact..Trophic","driver.Floods","Increase",12
"162","X2.12.Impact..Trophic","driver.Floods","Decrease",1
"163","X2.12.Impact..Trophic","driver.Floods","Complex",37
"164","X2.12.Impact..Indigenous.Knowledge","driver.Floods","Increase",3
"165","X2.12.Impact..Indigenous.Knowledge","driver.Floods","Decrease",3
"166","X2.12.Impact..Indigenous.Knowledge","driver.Floods","Complex",8
"167","X2.12.Impact..Management","driver.Floods","Increase",10
"168","X2.12.Impact..Management","driver.Floods","Decrease",1
"169","X2.12.Impact..Management","driver.Floods","Complex",23
"170","X2.12.Impact..Other","driver.Floods","Increase",18
"171","X2.12.Impact..Other","driver.Floods","Decrease",5
"172","X2.12.Impact..Other","driver.Floods","Complex",6
"173","X2.12.Impact..Abundance","driver.Hurricanes","Increase",21
"174","X2.12.Impact..Abundance","driver.Hurricanes","Decrease",46
"175","X2.12.Impact..Abundance","driver.Hurricanes","Complex",46
"176","X2.12.Impact..Richness","driver.Hurricanes","Increase",9
"177","X2.12.Impact..Richness","driver.Hurricanes","Decrease",15
"178","X2.12.Impact..Richness","driver.Hurricanes","Complex",32
"179","X2.12.Impact..Loss","driver.Hurricanes","Increase",24
"180","X2.12.Impact..Loss","driver.Hurricanes","Decrease",5
"181","X2.12.Impact..Loss","driver.Hurricanes","Complex",15
"182","X2.12.Impact..Disease","driver.Hurricanes","Increase",36
"183","X2.12.Impact..Disease","driver.Hurricanes","Complex",10
"184","X2.12.Impact..Invasion","driver.Hurricanes","Increase",42
"185","X2.12.Impact..Invasion","driver.Hurricanes","Complex",6
"186","X2.12.Impact..Composition","driver.Hurricanes","Increase",19
"187","X2.12.Impact..Composition","driver.Hurricanes","Decrease",2
"188","X2.12.Impact..Composition","driver.Hurricanes","Complex",69
"189","X2.12.Impact..Genetics","driver.Hurricanes","Increase",2
"190","X2.12.Impact..Genetics","driver.Hurricanes","Decrease",7
"191","X2.12.Impact..Genetics","driver.Hurricanes","Complex",11
"192","X2.12.Impact..Land.Use.Loss","driver.Hurricanes","Increase",23
"193","X2.12.Impact..Land.Use.Loss","driver.Hurricanes","Decrease",5
"194","X2.12.Impact..Land.Use.Loss","driver.Hurricanes","Complex",2
"195","X2.12.Impact..Land.Use.Restore","driver.Hurricanes","Increase",5
"196","X2.12.Impact..Land.Use.Restore","driver.Hurricanes","Decrease",4
"197","X2.12.Impact..Land.Use.Restore","driver.Hurricanes","Complex",5
"198","X2.12.Impact..Urbanization","driver.Hurricanes","Increase",13
"199","X2.12.Impact..Urbanization","driver.Hurricanes","Decrease",1
"200","X2.12.Impact..Urbanization","driver.Hurricanes","Complex",1
"201","X2.12.Impact..Connectivity","driver.Hurricanes","Increase",6
"202","X2.12.Impact..Connectivity","driver.Hurricanes","Decrease",17
"203","X2.12.Impact..Connectivity","driver.Hurricanes","Complex",8
"204","X2.12.Impact..Trophic","driver.Hurricanes","Increase",12
"205","X2.12.Impact..Trophic","driver.Hurricanes","Decrease",1
"206","X2.12.Impact..Trophic","driver.Hurricanes","Complex",37
"207","X2.12.Impact..Indigenous.Knowledge","driver.Hurricanes","Increase",3
"208","X2.12.Impact..Indigenous.Knowledge","driver.Hurricanes","Decrease",3
"209","X2.12.Impact..Indigenous.Knowledge","driver.Hurricanes","Complex",8
"210","X2.12.Impact..Management","driver.Hurricanes","Increase",10
"211","X2.12.Impact..Management","driver.Hurricanes","Decrease",1
"212","X2.12.Impact..Management","driver.Hurricanes","Complex",23
"213","X2.12.Impact..Other","driver.Hurricanes","Increase",18
"214","X2.12.Impact..Other","driver.Hurricanes","Decrease",5
"215","X2.12.Impact..Other","driver.Hurricanes","Complex",6
"216","X2.12.Impact..Abundance","driver.Air.temperature.directional.change","Increase",21
"217","X2.12.Impact..Abundance","driver.Air.temperature.directional.change","Decrease",46
"218","X2.12.Impact..Abundance","driver.Air.temperature.directional.change","Complex",46
"219","X2.12.Impact..Richness","driver.Air.temperature.directional.change","Increase",9
"220","X2.12.Impact..Richness","driver.Air.temperature.directional.change","Decrease",15
"221","X2.12.Impact..Richness","driver.Air.temperature.directional.change","Complex",32
"222","X2.12.Impact..Loss","driver.Air.temperature.directional.change","Increase",24
"223","X2.12.Impact..Loss","driver.Air.temperature.directional.change","Decrease",5
"224","X2.12.Impact..Loss","driver.Air.temperature.directional.change","Complex",15
"225","X2.12.Impact..Disease","driver.Air.temperature.directional.change","Increase",36
"226","X2.12.Impact..Disease","driver.Air.temperature.directional.change","Complex",10
"227","X2.12.Impact..Invasion","driver.Air.temperature.directional.change","Increase",42
"228","X2.12.Impact..Invasion","driver.Air.temperature.directional.change","Complex",6
"229","X2.12.Impact..Composition","driver.Air.temperature.directional.change","Increase",19
"230","X2.12.Impact..Composition","driver.Air.temperature.directional.change","Decrease",2
"231","X2.12.Impact..Composition","driver.Air.temperature.directional.change","Complex",69
"232","X2.12.Impact..Genetics","driver.Air.temperature.directional.change","Increase",2
"233","X2.12.Impact..Genetics","driver.Air.temperature.directional.change","Decrease",7
"234","X2.12.Impact..Genetics","driver.Air.temperature.directional.change","Complex",11
"235","X2.12.Impact..Land.Use.Loss","driver.Air.temperature.directional.change","Increase",23
"236","X2.12.Impact..Land.Use.Loss","driver.Air.temperature.directional.change","Decrease",5
"237","X2.12.Impact..Land.Use.Loss","driver.Air.temperature.directional.change","Complex",2
"238","X2.12.Impact..Land.Use.Restore","driver.Air.temperature.directional.change","Increase",5
"239","X2.12.Impact..Land.Use.Restore","driver.Air.temperature.directional.change","Decrease",4
"240","X2.12.Impact..Land.Use.Restore","driver.Air.temperature.directional.change","Complex",5
"241","X2.12.Impact..Urbanization","driver.Air.temperature.directional.change","Increase",13
"242","X2.12.Impact..Urbanization","driver.Air.temperature.directional.change","Decrease",1
"243","X2.12.Impact..Urbanization","driver.Air.temperature.directional.change","Complex",1
"244","X2.12.Impact..Connectivity","driver.Air.temperature.directional.change","Increase",6
"245","X2.12.Impact..Connectivity","driver.Air.temperature.directional.change","Decrease",17
"246","X2.12.Impact..Connectivity","driver.Air.temperature.directional.change","Complex",8
"247","X2.12.Impact..Trophic","driver.Air.temperature.directional.change","Increase",12
"248","X2.12.Impact..Trophic","driver.Air.temperature.directional.change","Decrease",1
"249","X2.12.Impact..Trophic","driver.Air.temperature.directional.change","Complex",37
"250","X2.12.Impact..Indigenous.Knowledge","driver.Air.temperature.directional.change","Increase",3
"251","X2.12.Impact..Indigenous.Knowledge","driver.Air.temperature.directional.change","Decrease",3
"252","X2.12.Impact..Indigenous.Knowledge","driver.Air.temperature.directional.change","Complex",8
"253","X2.12.Impact..Management","driver.Air.temperature.directional.change","Increase",10
"254","X2.12.Impact..Management","driver.Air.temperature.directional.change","Decrease",1
"255","X2.12.Impact..Management","driver.Air.temperature.directional.change","Complex",23
"256","X2.12.Impact..Other","driver.Air.temperature.directional.change","Increase",18
"257","X2.12.Impact..Other","driver.Air.temperature.directional.change","Decrease",5
"258","X2.12.Impact..Other","driver.Air.temperature.directional.change","Complex",6
"259","X2.12.Impact..Abundance","driver.permafrost.melt","Increase",21
"260","X2.12.Impact..Abundance","driver.permafrost.melt","Decrease",46
"261","X2.12.Impact..Abundance","driver.permafrost.melt","Complex",46
"262","X2.12.Impact..Richness","driver.permafrost.melt","Increase",9
"263","X2.12.Impact..Richness","driver.permafrost.melt","Decrease",15
"264","X2.12.Impact..Richness","driver.permafrost.melt","Complex",32
"265","X2.12.Impact..Loss","driver.permafrost.melt","Increase",24
"266","X2.12.Impact..Loss","driver.permafrost.melt","Decrease",5
"267","X2.12.Impact..Loss","driver.permafrost.melt","Complex",15
"268","X2.12.Impact..Disease","driver.permafrost.melt","Increase",36
"269","X2.12.Impact..Disease","driver.permafrost.melt","Complex",10
"270","X2.12.Impact..Invasion","driver.permafrost.melt","Increase",42
"271","X2.12.Impact..Invasion","driver.permafrost.melt","Complex",6
"272","X2.12.Impact..Composition","driver.permafrost.melt","Increase",19
"273","X2.12.Impact..Composition","driver.permafrost.melt","Decrease",2
"274","X2.12.Impact..Composition","driver.permafrost.melt","Complex",69
"275","X2.12.Impact..Genetics","driver.permafrost.melt","Increase",2
"276","X2.12.Impact..Genetics","driver.permafrost.melt","Decrease",7
"277","X2.12.Impact..Genetics","driver.permafrost.melt","Complex",11
"278","X2.12.Impact..Land.Use.Loss","driver.permafrost.melt","Increase",23
"279","X2.12.Impact..Land.Use.Loss","driver.permafrost.melt","Decrease",5
"280","X2.12.Impact..Land.Use.Loss","driver.permafrost.melt","Complex",2
"281","X2.12.Impact..Land.Use.Restore","driver.permafrost.melt","Increase",5
"282","X2.12.Impact..Land.Use.Restore","driver.permafrost.melt","Decrease",4
"283","X2.12.Impact..Land.Use.Restore","driver.permafrost.melt","Complex",5
"284","X2.12.Impact..Urbanization","driver.permafrost.melt","Increase",13
"285","X2.12.Impact..Urbanization","driver.permafrost.melt","Decrease",1
"286","X2.12.Impact..Urbanization","driver.permafrost.melt","Complex",1
"287","X2.12.Impact..Connectivity","driver.permafrost.melt","Increase",6
"288","X2.12.Impact..Connectivity","driver.permafrost.melt","Decrease",17
"289","X2.12.Impact..Connectivity","driver.permafrost.melt","Complex",8
"290","X2.12.Impact..Trophic","driver.permafrost.melt","Increase",12
"291","X2.12.Impact..Trophic","driver.permafrost.melt","Decrease",1
"292","X2.12.Impact..Trophic","driver.permafrost.melt","Complex",37
"293","X2.12.Impact..Indigenous.Knowledge","driver.permafrost.melt","Increase",3
"294","X2.12.Impact..Indigenous.Knowledge","driver.permafrost.melt","Decrease",3
"295","X2.12.Impact..Indigenous.Knowledge","driver.permafrost.melt","Complex",8
"296","X2.12.Impact..Management","driver.permafrost.melt","Increase",10
"297","X2.12.Impact..Management","driver.permafrost.melt","Decrease",1
"298","X2.12.Impact..Management","driver.permafrost.melt","Complex",23
"299","X2.12.Impact..Other","driver.permafrost.melt","Increase",18
"300","X2.12.Impact..Other","driver.permafrost.melt","Decrease",5
"301","X2.12.Impact..Other","driver.permafrost.melt","Complex",6
"302","X2.12.Impact..Abundance","driver.Air.temperature.variability","Increase",21
"303","X2.12.Impact..Abundance","driver.Air.temperature.variability","Decrease",46
"304","X2.12.Impact..Abundance","driver.Air.temperature.variability","Complex",46
"305","X2.12.Impact..Richness","driver.Air.temperature.variability","Increase",9
"306","X2.12.Impact..Richness","driver.Air.temperature.variability","Decrease",15
"307","X2.12.Impact..Richness","driver.Air.temperature.variability","Complex",32
"308","X2.12.Impact..Loss","driver.Air.temperature.variability","Increase",24
"309","X2.12.Impact..Loss","driver.Air.temperature.variability","Decrease",5
"310","X2.12.Impact..Loss","driver.Air.temperature.variability","Complex",15
"311","X2.12.Impact..Disease","driver.Air.temperature.variability","Increase",36
"312","X2.12.Impact..Disease","driver.Air.temperature.variability","Complex",10
"313","X2.12.Impact..Invasion","driver.Air.temperature.variability","Increase",42
"314","X2.12.Impact..Invasion","driver.Air.temperature.variability","Complex",6
"315","X2.12.Impact..Composition","driver.Air.temperature.variability","Increase",19
"316","X2.12.Impact..Composition","driver.Air.temperature.variability","Decrease",2
"317","X2.12.Impact..Composition","driver.Air.temperature.variability","Complex",69
"318","X2.12.Impact..Genetics","driver.Air.temperature.variability","Increase",2
"319","X2.12.Impact..Genetics","driver.Air.temperature.variability","Decrease",7
"320","X2.12.Impact..Genetics","driver.Air.temperature.variability","Complex",11
"321","X2.12.Impact..Land.Use.Loss","driver.Air.temperature.variability","Increase",23
"322","X2.12.Impact..Land.Use.Loss","driver.Air.temperature.variability","Decrease",5
"323","X2.12.Impact..Land.Use.Loss","driver.Air.temperature.variability","Complex",2
"324","X2.12.Impact..Land.Use.Restore","driver.Air.temperature.variability","Increase",5
"325","X2.12.Impact..Land.Use.Restore","driver.Air.temperature.variability","Decrease",4
"326","X2.12.Impact..Land.Use.Restore","driver.Air.temperature.variability","Complex",5
"327","X2.12.Impact..Urbanization","driver.Air.temperature.variability","Increase",13
"328","X2.12.Impact..Urbanization","driver.Air.temperature.variability","Decrease",1
"329","X2.12.Impact..Urbanization","driver.Air.temperature.variability","Complex",1
"330","X2.12.Impact..Connectivity","driver.Air.temperature.variability","Increase",6
"331","X2.12.Impact..Connectivity","driver.Air.temperature.variability","Decrease",17
"332","X2.12.Impact..Connectivity","driver.Air.temperature.variability","Complex",8
"333","X2.12.Impact..Trophic","driver.Air.temperature.variability","Increase",12
"334","X2.12.Impact..Trophic","driver.Air.temperature.variability","Decrease",1
"335","X2.12.Impact..Trophic","driver.Air.temperature.variability","Complex",37
"336","X2.12.Impact..Indigenous.Knowledge","driver.Air.temperature.variability","Increase",3
"337","X2.12.Impact..Indigenous.Knowledge","driver.Air.temperature.variability","Decrease",3
"338","X2.12.Impact..Indigenous.Knowledge","driver.Air.temperature.variability","Complex",8
"339","X2.12.Impact..Management","driver.Air.temperature.variability","Increase",10
"340","X2.12.Impact..Management","driver.Air.temperature.variability","Decrease",1
"341","X2.12.Impact..Management","driver.Air.temperature.variability","Complex",23
"342","X2.12.Impact..Other","driver.Air.temperature.variability","Increase",18
"343","X2.12.Impact..Other","driver.Air.temperature.variability","Decrease",5
"344","X2.12.Impact..Other","driver.Air.temperature.variability","Complex",6
"345","X2.12.Impact..Abundance","driver.Precipitation.directional.change","Increase",21
"346","X2.12.Impact..Abundance","driver.Precipitation.directional.change","Decrease",46
"347","X2.12.Impact..Abundance","driver.Precipitation.directional.change","Complex",46
"348","X2.12.Impact..Richness","driver.Precipitation.directional.change","Increase",9
"349","X2.12.Impact..Richness","driver.Precipitation.directional.change","Decrease",15
"350","X2.12.Impact..Richness","driver.Precipitation.directional.change","Complex",32
"351","X2.12.Impact..Loss","driver.Precipitation.directional.change","Increase",24
"352","X2.12.Impact..Loss","driver.Precipitation.directional.change","Decrease",5
"353","X2.12.Impact..Loss","driver.Precipitation.directional.change","Complex",15
"354","X2.12.Impact..Disease","driver.Precipitation.directional.change","Increase",36
"355","X2.12.Impact..Disease","driver.Precipitation.directional.change","Complex",10
"356","X2.12.Impact..Invasion","driver.Precipitation.directional.change","Increase",42
"357","X2.12.Impact..Invasion","driver.Precipitation.directional.change","Complex",6
"358","X2.12.Impact..Composition","driver.Precipitation.directional.change","Increase",19
"359","X2.12.Impact..Composition","driver.Precipitation.directional.change","Decrease",2
"360","X2.12.Impact..Composition","driver.Precipitation.directional.change","Complex",69
"361","X2.12.Impact..Genetics","driver.Precipitation.directional.change","Increase",2
"362","X2.12.Impact..Genetics","driver.Precipitation.directional.change","Decrease",7
"363","X2.12.Impact..Genetics","driver.Precipitation.directional.change","Complex",11
"364","X2.12.Impact..Land.Use.Loss","driver.Precipitation.directional.change","Increase",23
"365","X2.12.Impact..Land.Use.Loss","driver.Precipitation.directional.change","Decrease",5
"366","X2.12.Impact..Land.Use.Loss","driver.Precipitation.directional.change","Complex",2
"367","X2.12.Impact..Land.Use.Restore","driver.Precipitation.directional.change","Increase",5
"368","X2.12.Impact..Land.Use.Restore","driver.Precipitation.directional.change","Decrease",4
"369","X2.12.Impact..Land.Use.Restore","driver.Precipitation.directional.change","Complex",5
"370","X2.12.Impact..Urbanization","driver.Precipitation.directional.change","Increase",13
"371","X2.12.Impact..Urbanization","driver.Precipitation.directional.change","Decrease",1
"372","X2.12.Impact..Urbanization","driver.Precipitation.directional.change","Complex",1
"373","X2.12.Impact..Connectivity","driver.Precipitation.directional.change","Increase",6
"374","X2.12.Impact..Connectivity","driver.Precipitation.directional.change","Decrease",17
"375","X2.12.Impact..Connectivity","driver.Precipitation.directional.change","Complex",8
"376","X2.12.Impact..Trophic","driver.Precipitation.directional.change","Increase",12
"377","X2.12.Impact..Trophic","driver.Precipitation.directional.change","Decrease",1
"378","X2.12.Impact..Trophic","driver.Precipitation.directional.change","Complex",37
"379","X2.12.Impact..Indigenous.Knowledge","driver.Precipitation.directional.change","Increase",3
"380","X2.12.Impact..Indigenous.Knowledge","driver.Precipitation.directional.change","Decrease",3
"381","X2.12.Impact..Indigenous.Knowledge","driver.Precipitation.directional.change","Complex",8
"382","X2.12.Impact..Management","driver.Precipitation.directional.change","Increase",10
"383","X2.12.Impact..Management","driver.Precipitation.directional.change","Decrease",1
"384","X2.12.Impact..Management","driver.Precipitation.directional.change","Complex",23
"385","X2.12.Impact..Other","driver.Precipitation.directional.change","Increase",18
"386","X2.12.Impact..Other","driver.Precipitation.directional.change","Decrease",5
"387","X2.12.Impact..Other","driver.Precipitation.directional.change","Complex",6
"388","X2.12.Impact..Abundance","driver.Precipitation.variability","Increase",21
"389","X2.12.Impact..Abundance","driver.Precipitation.variability","Decrease",46
"390","X2.12.Impact..Abundance","driver.Precipitation.variability","Complex",46
"391","X2.12.Impact..Richness","driver.Precipitation.variability","Increase",9
"392","X2.12.Impact..Richness","driver.Precipitation.variability","Decrease",15
"393","X2.12.Impact..Richness","driver.Precipitation.variability","Complex",32
"394","X2.12.Impact..Loss","driver.Precipitation.variability","Increase",24
"395","X2.12.Impact..Loss","driver.Precipitation.variability","Decrease",5
"396","X2.12.Impact..Loss","driver.Precipitation.variability","Complex",15
"397","X2.12.Impact..Disease","driver.Precipitation.variability","Increase",36
"398","X2.12.Impact..Disease","driver.Precipitation.variability","Complex",10
"399","X2.12.Impact..Invasion","driver.Precipitation.variability","Increase",42
"400","X2.12.Impact..Invasion","driver.Precipitation.variability","Complex",6
"401","X2.12.Impact..Composition","driver.Precipitation.variability","Increase",19
"402","X2.12.Impact..Composition","driver.Precipitation.variability","Decrease",2
"403","X2.12.Impact..Composition","driver.Precipitation.variability","Complex",69
"404","X2.12.Impact..Genetics","driver.Precipitation.variability","Increase",2
"405","X2.12.Impact..Genetics","driver.Precipitation.variability","Decrease",7
"406","X2.12.Impact..Genetics","driver.Precipitation.variability","Complex",11
"407","X2.12.Impact..Land.Use.Loss","driver.Precipitation.variability","Increase",23
"408","X2.12.Impact..Land.Use.Loss","driver.Precipitation.variability","Decrease",5
"409","X2.12.Impact..Land.Use.Loss","driver.Precipitation.variability","Complex",2
"410","X2.12.Impact..Land.Use.Restore","driver.Precipitation.variability","Increase",5
"411","X2.12.Impact..Land.Use.Restore","driver.Precipitation.variability","Decrease",4
"412","X2.12.Impact..Land.Use.Restore","driver.Precipitation.variability","Complex",5
"413","X2.12.Impact..Urbanization","driver.Precipitation.variability","Increase",13
"414","X2.12.Impact..Urbanization","driver.Precipitation.variability","Decrease",1
"415","X2.12.Impact..Urbanization","driver.Precipitation.variability","Complex",1
"416","X2.12.Impact..Connectivity","driver.Precipitation.variability","Increase",6
"417","X2.12.Impact..Connectivity","driver.Precipitation.variability","Decrease",17
"418","X2.12.Impact..Connectivity","driver.Precipitation.variability","Complex",8
"419","X2.12.Impact..Trophic","driver.Precipitation.variability","Increase",12
"420","X2.12.Impact..Trophic","driver.Precipitation.variability","Decrease",1
"421","X2.12.Impact..Trophic","driver.Precipitation.variability","Complex",37
"422","X2.12.Impact..Indigenous.Knowledge","driver.Precipitation.variability","Increase",3
"423","X2.12.Impact..Indigenous.Knowledge","driver.Precipitation.variability","Decrease",3
"424","X2.12.Impact..Indigenous.Knowledge","driver.Precipitation.variability","Complex",8
"425","X2.12.Impact..Management","driver.Precipitation.variability","Increase",10
"426","X2.12.Impact..Management","driver.Precipitation.variability","Decrease",1
"427","X2.12.Impact..Management","driver.Precipitation.variability","Complex",23
"428","X2.12.Impact..Other","driver.Precipitation.variability","Increase",18
"429","X2.12.Impact..Other","driver.Precipitation.variability","Decrease",5
"430","X2.12.Impact..Other","driver.Precipitation.variability","Complex",6
"431","X2.12.Impact..Abundance","driver.Wildfires","Increase",21
"432","X2.12.Impact..Abundance","driver.Wildfires","Decrease",46
"433","X2.12.Impact..Abundance","driver.Wildfires","Complex",46
"434","X2.12.Impact..Richness","driver.Wildfires","Increase",9
"435","X2.12.Impact..Richness","driver.Wildfires","Decrease",15
"436","X2.12.Impact..Richness","driver.Wildfires","Complex",32
"437","X2.12.Impact..Loss","driver.Wildfires","Increase",24
"438","X2.12.Impact..Loss","driver.Wildfires","Decrease",5
"439","X2.12.Impact..Loss","driver.Wildfires","Complex",15
"440","X2.12.Impact..Disease","driver.Wildfires","Increase",36
"441","X2.12.Impact..Disease","driver.Wildfires","Complex",10
"442","X2.12.Impact..Invasion","driver.Wildfires","Increase",42
"443","X2.12.Impact..Invasion","driver.Wildfires","Complex",6
"444","X2.12.Impact..Composition","driver.Wildfires","Increase",19
"445","X2.12.Impact..Composition","driver.Wildfires","Decrease",2
"446","X2.12.Impact..Composition","driver.Wildfires","Complex",69
"447","X2.12.Impact..Genetics","driver.Wildfires","Increase",2
"448","X2.12.Impact..Genetics","driver.Wildfires","Decrease",7
"449","X2.12.Impact..Genetics","driver.Wildfires","Complex",11
"450","X2.12.Impact..Land.Use.Loss","driver.Wildfires","Increase",23
"451","X2.12.Impact..Land.Use.Loss","driver.Wildfires","Decrease",5
"452","X2.12.Impact..Land.Use.Loss","driver.Wildfires","Complex",2
"453","X2.12.Impact..Land.Use.Restore","driver.Wildfires","Increase",5
"454","X2.12.Impact..Land.Use.Restore","driver.Wildfires","Decrease",4
"455","X2.12.Impact..Land.Use.Restore","driver.Wildfires","Complex",5
"456","X2.12.Impact..Urbanization","driver.Wildfires","Increase",13
"457","X2.12.Impact..Urbanization","driver.Wildfires","Decrease",1
"458","X2.12.Impact..Urbanization","driver.Wildfires","Complex",1
"459","X2.12.Impact..Connectivity","driver.Wildfires","Increase",6
"460","X2.12.Impact..Connectivity","driver.Wildfires","Decrease",17
"461","X2.12.Impact..Connectivity","driver.Wildfires","Complex",8
"462","X2.12.Impact..Trophic","driver.Wildfires","Increase",12
"463","X2.12.Impact..Trophic","driver.Wildfires","Decrease",1
"464","X2.12.Impact..Trophic","driver.Wildfires","Complex",37
"465","X2.12.Impact..Indigenous.Knowledge","driver.Wildfires","Increase",3
"466","X2.12.Impact..Indigenous.Knowledge","driver.Wildfires","Decrease",3
"467","X2.12.Impact..Indigenous.Knowledge","driver.Wildfires","Complex",8
"468","X2.12.Impact..Management","driver.Wildfires","Increase",10
"469","X2.12.Impact..Management","driver.Wildfires","Decrease",1
"470","X2.12.Impact..Management","driver.Wildfires","Complex",23
"471","X2.12.Impact..Other","driver.Wildfires","Increase",18
"472","X2.12.Impact..Other","driver.Wildfires","Decrease",5
"473","X2.12.Impact..Other","driver.Wildfires","Complex",6
"474","X2.12.Impact..Abundance","driver.Sea.temperature.change","Increase",21
"475","X2.12.Impact..Abundance","driver.Sea.temperature.change","Decrease",46
"476","X2.12.Impact..Abundance","driver.Sea.temperature.change","Complex",46
"477","X2.12.Impact..Richness","driver.Sea.temperature.change","Increase",9
"478","X2.12.Impact..Richness","driver.Sea.temperature.change","Decrease",15
"479","X2.12.Impact..Richness","driver.Sea.temperature.change","Complex",32
"480","X2.12.Impact..Loss","driver.Sea.temperature.change","Increase",24
"481","X2.12.Impact..Loss","driver.Sea.temperature.change","Decrease",5
"482","X2.12.Impact..Loss","driver.Sea.temperature.change","Complex",15
"483","X2.12.Impact..Disease","driver.Sea.temperature.change","Increase",36
"484","X2.12.Impact..Disease","driver.Sea.temperature.change","Complex",10
"485","X2.12.Impact..Invasion","driver.Sea.temperature.change","Increase",42
"486","X2.12.Impact..Invasion","driver.Sea.temperature.change","Complex",6
"487","X2.12.Impact..Composition","driver.Sea.temperature.change","Increase",19
"488","X2.12.Impact..Composition","driver.Sea.temperature.change","Decrease",2
"489","X2.12.Impact..Composition","driver.Sea.temperature.change","Complex",69
"490","X2.12.Impact..Genetics","driver.Sea.temperature.change","Increase",2
"491","X2.12.Impact..Genetics","driver.Sea.temperature.change","Decrease",7
"492","X2.12.Impact..Genetics","driver.Sea.temperature.change","Complex",11
"493","X2.12.Impact..Land.Use.Loss","driver.Sea.temperature.change","Increase",23
"494","X2.12.Impact..Land.Use.Loss","driver.Sea.temperature.change","Decrease",5
"495","X2.12.Impact..Land.Use.Loss","driver.Sea.temperature.change","Complex",2
"496","X2.12.Impact..Land.Use.Restore","driver.Sea.temperature.change","Increase",5
"497","X2.12.Impact..Land.Use.Restore","driver.Sea.temperature.change","Decrease",4
"498","X2.12.Impact..Land.Use.Restore","driver.Sea.temperature.change","Complex",5
"499","X2.12.Impact..Urbanization","driver.Sea.temperature.change","Increase",13
"500","X2.12.Impact..Urbanization","driver.Sea.temperature.change","Decrease",1
"501","X2.12.Impact..Urbanization","driver.Sea.temperature.change","Complex",1
"502","X2.12.Impact..Connectivity","driver.Sea.temperature.change","Increase",6
"503","X2.12.Impact..Connectivity","driver.Sea.temperature.change","Decrease",17
"504","X2.12.Impact..Connectivity","driver.Sea.temperature.change","Complex",8
"505","X2.12.Impact..Trophic","driver.Sea.temperature.change","Increase",12
"506","X2.12.Impact..Trophic","driver.Sea.temperature.change","Decrease",1
"507","X2.12.Impact..Trophic","driver.Sea.temperature.change","Complex",37
"508","X2.12.Impact..Indigenous.Knowledge","driver.Sea.temperature.change","Increase",3
"509","X2.12.Impact..Indigenous.Knowledge","driver.Sea.temperature.change","Decrease",3
"510","X2.12.Impact..Indigenous.Knowledge","driver.Sea.temperature.change","Complex",8
"511","X2.12.Impact..Management","driver.Sea.temperature.change","Increase",10
"512","X2.12.Impact..Management","driver.Sea.temperature.change","Decrease",1
"513","X2.12.Impact..Management","driver.Sea.temperature.change","Complex",23
"514","X2.12.Impact..Other","driver.Sea.temperature.change","Increase",18
"515","X2.12.Impact..Other","driver.Sea.temperature.change","Decrease",5
"516","X2.12.Impact..Other","driver.Sea.temperature.change","Complex",6
"517","X2.12.Impact..Abundance","driver.water.availability","Increase",21
"518","X2.12.Impact..Abundance","driver.water.availability","Decrease",46
"519","X2.12.Impact..Abundance","driver.water.availability","Complex",46
"520","X2.12.Impact..Richness","driver.water.availability","Increase",9
"521","X2.12.Impact..Richness","driver.water.availability","Decrease",15
"522","X2.12.Impact..Richness","driver.water.availability","Complex",32
"523","X2.12.Impact..Loss","driver.water.availability","Increase",24
"524","X2.12.Impact..Loss","driver.water.availability","Decrease",5
"525","X2.12.Impact..Loss","driver.water.availability","Complex",15
"526","X2.12.Impact..Disease","driver.water.availability","Increase",36
"527","X2.12.Impact..Disease","driver.water.availability","Complex",10
"528","X2.12.Impact..Invasion","driver.water.availability","Increase",42
"529","X2.12.Impact..Invasion","driver.water.availability","Complex",6
"530","X2.12.Impact..Composition","driver.water.availability","Increase",19
"531","X2.12.Impact..Composition","driver.water.availability","Decrease",2
"532","X2.12.Impact..Composition","driver.water.availability","Complex",69
"533","X2.12.Impact..Genetics","driver.water.availability","Increase",2
"534","X2.12.Impact..Genetics","driver.water.availability","Decrease",7
"535","X2.12.Impact..Genetics","driver.water.availability","Complex",11
"536","X2.12.Impact..Land.Use.Loss","driver.water.availability","Increase",23
"537","X2.12.Impact..Land.Use.Loss","driver.water.availability","Decrease",5
"538","X2.12.Impact..Land.Use.Loss","driver.water.availability","Complex",2
"539","X2.12.Impact..Land.Use.Restore","driver.water.availability","Increase",5
"540","X2.12.Impact..Land.Use.Restore","driver.water.availability","Decrease",4
"541","X2.12.Impact..Land.Use.Restore","driver.water.availability","Complex",5
"542","X2.12.Impact..Urbanization","driver.water.availability","Increase",13
"543","X2.12.Impact..Urbanization","driver.water.availability","Decrease",1
"544","X2.12.Impact..Urbanization","driver.water.availability","Complex",1
"545","X2.12.Impact..Connectivity","driver.water.availability","Increase",6
"546","X2.12.Impact..Connectivity","driver.water.availability","Decrease",17
"547","X2.12.Impact..Connectivity","driver.water.availability","Complex",8
"548","X2.12.Impact..Trophic","driver.water.availability","Increase",12
"549","X2.12.Impact..Trophic","driver.water.availability","Decrease",1
"550","X2.12.Impact..Trophic","driver.water.availability","Complex",37
"551","X2.12.Impact..Indigenous.Knowledge","driver.water.availability","Increase",3
"552","X2.12.Impact..Indigenous.Knowledge","driver.water.availability","Decrease",3
"553","X2.12.Impact..Indigenous.Knowledge","driver.water.availability","Complex",8
"554","X2.12.Impact..Management","driver.water.availability","Increase",10
"555","X2.12.Impact..Management","driver.water.availability","Decrease",1
"556","X2.12.Impact..Management","driver.water.availability","Complex",23
"557","X2.12.Impact..Other","driver.water.availability","Increase",18
"558","X2.12.Impact..Other","driver.water.availability","Decrease",5
"559","X2.12.Impact..Other","driver.water.availability","Complex",6
"560","X2.12.Impact..Abundance","driver.extreme.weather","Increase",21
"561","X2.12.Impact..Abundance","driver.extreme.weather","Decrease",46
"562","X2.12.Impact..Abundance","driver.extreme.weather","Complex",46
"563","X2.12.Impact..Richness","driver.extreme.weather","Increase",9
"564","X2.12.Impact..Richness","driver.extreme.weather","Decrease",15
"565","X2.12.Impact..Richness","driver.extreme.weather","Complex",32
"566","X2.12.Impact..Loss","driver.extreme.weather","Increase",24
"567","X2.12.Impact..Loss","driver.extreme.weather","Decrease",5
"568","X2.12.Impact..Loss","driver.extreme.weather","Complex",15
"569","X2.12.Impact..Disease","driver.extreme.weather","Increase",36
"570","X2.12.Impact..Disease","driver.extreme.weather","Complex",10
"571","X2.12.Impact..Invasion","driver.extreme.weather","Increase",42
"572","X2.12.Impact..Invasion","driver.extreme.weather","Complex",6
"573","X2.12.Impact..Composition","driver.extreme.weather","Increase",19
"574","X2.12.Impact..Composition","driver.extreme.weather","Decrease",2
"575","X2.12.Impact..Composition","driver.extreme.weather","Complex",69
"576","X2.12.Impact..Genetics","driver.extreme.weather","Increase",2
"577","X2.12.Impact..Genetics","driver.extreme.weather","Decrease",7
"578","X2.12.Impact..Genetics","driver.extreme.weather","Complex",11
"579","X2.12.Impact..Land.Use.Loss","driver.extreme.weather","Increase",23
"580","X2.12.Impact..Land.Use.Loss","driver.extreme.weather","Decrease",5
"581","X2.12.Impact..Land.Use.Loss","driver.extreme.weather","Complex",2
"582","X2.12.Impact..Land.Use.Restore","driver.extreme.weather","Increase",5
"583","X2.12.Impact..Land.Use.Restore","driver.extreme.weather","Decrease",4
"584","X2.12.Impact..Land.Use.Restore","driver.extreme.weather","Complex",5
"585","X2.12.Impact..Urbanization","driver.extreme.weather","Increase",13
"586","X2.12.Impact..Urbanization","driver.extreme.weather","Decrease",1
"587","X2.12.Impact..Urbanization","driver.extreme.weather","Complex",1
"588","X2.12.Impact..Connectivity","driver.extreme.weather","Increase",6
"589","X2.12.Impact..Connectivity","driver.extreme.weather","Decrease",17
"590","X2.12.Impact..Connectivity","driver.extreme.weather","Complex",8
"591","X2.12.Impact..Trophic","driver.extreme.weather","Increase",12
"592","X2.12.Impact..Trophic","driver.extreme.weather","Decrease",1
"593","X2.12.Impact..Trophic","driver.extreme.weather","Complex",37
"594","X2.12.Impact..Indigenous.Knowledge","driver.extreme.weather","Increase",3
"595","X2.12.Impact..Indigenous.Knowledge","driver.extreme.weather","Decrease",3
"596","X2.12.Impact..Indigenous.Knowledge","driver.extreme.weather","Complex",8
"597","X2.12.Impact..Management","driver.extreme.weather","Increase",10
"598","X2.12.Impact..Management","driver.extreme.weather","Decrease",1
"599","X2.12.Impact..Management","driver.extreme.weather","Complex",23
"600","X2.12.Impact..Other","driver.extreme.weather","Increase",18
"601","X2.12.Impact..Other","driver.extreme.weather","Decrease",5
"602","X2.12.Impact..Other","driver.extreme.weather","Complex",6
"603","X2.12.Impact..Abundance","driver.Sea.ice.area.change","Increase",21
"604","X2.12.Impact..Abundance","driver.Sea.ice.area.change","Decrease",46
"605","X2.12.Impact..Abundance","driver.Sea.ice.area.change","Complex",46
"606","X2.12.Impact..Richness","driver.Sea.ice.area.change","Increase",9
"607","X2.12.Impact..Richness","driver.Sea.ice.area.change","Decrease",15
"608","X2.12.Impact..Richness","driver.Sea.ice.area.change","Complex",32
"609","X2.12.Impact..Loss","driver.Sea.ice.area.change","Increase",24
"610","X2.12.Impact..Loss","driver.Sea.ice.area.change","Decrease",5
"611","X2.12.Impact..Loss","driver.Sea.ice.area.change","Complex",15
"612","X2.12.Impact..Disease","driver.Sea.ice.area.change","Increase",36
"613","X2.12.Impact..Disease","driver.Sea.ice.area.change","Complex",10
"614","X2.12.Impact..Invasion","driver.Sea.ice.area.change","Increase",42
"615","X2.12.Impact..Invasion","driver.Sea.ice.area.change","Complex",6
"616","X2.12.Impact..Composition","driver.Sea.ice.area.change","Increase",19
"617","X2.12.Impact..Composition","driver.Sea.ice.area.change","Decrease",2
"618","X2.12.Impact..Composition","driver.Sea.ice.area.change","Complex",69
"619","X2.12.Impact..Genetics","driver.Sea.ice.area.change","Increase",2
"620","X2.12.Impact..Genetics","driver.Sea.ice.area.change","Decrease",7
"621","X2.12.Impact..Genetics","driver.Sea.ice.area.change","Complex",11
"622","X2.12.Impact..Land.Use.Loss","driver.Sea.ice.area.change","Increase",23
"623","X2.12.Impact..Land.Use.Loss","driver.Sea.ice.area.change","Decrease",5
"624","X2.12.Impact..Land.Use.Loss","driver.Sea.ice.area.change","Complex",2
"625","X2.12.Impact..Land.Use.Restore","driver.Sea.ice.area.change","Increase",5
"626","X2.12.Impact..Land.Use.Restore","driver.Sea.ice.area.change","Decrease",4
"627","X2.12.Impact..Land.Use.Restore","driver.Sea.ice.area.change","Complex",5
"628","X2.12.Impact..Urbanization","driver.Sea.ice.area.change","Increase",13
"629","X2.12.Impact..Urbanization","driver.Sea.ice.area.change","Decrease",1
"630","X2.12.Impact..Urbanization","driver.Sea.ice.area.change","Complex",1
"631","X2.12.Impact..Connectivity","driver.Sea.ice.area.change","Increase",6
"632","X2.12.Impact..Connectivity","driver.Sea.ice.area.change","Decrease",17
"633","X2.12.Impact..Connectivity","driver.Sea.ice.area.change","Complex",8
"634","X2.12.Impact..Trophic","driver.Sea.ice.area.change","Increase",12
"635","X2.12.Impact..Trophic","driver.Sea.ice.area.change","Decrease",1
"636","X2.12.Impact..Trophic","driver.Sea.ice.area.change","Complex",37
"637","X2.12.Impact..Indigenous.Knowledge","driver.Sea.ice.area.change","Increase",3
"638","X2.12.Impact..Indigenous.Knowledge","driver.Sea.ice.area.change","Decrease",3
"639","X2.12.Impact..Indigenous.Knowledge","driver.Sea.ice.area.change","Complex",8
"640","X2.12.Impact..Management","driver.Sea.ice.area.change","Increase",10
"641","X2.12.Impact..Management","driver.Sea.ice.area.change","Decrease",1
"642","X2.12.Impact..Management","driver.Sea.ice.area.change","Complex",23
"643","X2.12.Impact..Other","driver.Sea.ice.area.change","Increase",18
"644","X2.12.Impact..Other","driver.Sea.ice.area.change","Decrease",5
"645","X2.12.Impact..Other","driver.Sea.ice.area.change","Complex",6
"646","X2.12.Impact..Abundance","driver.Seawater.chemistry","Increase",21
"647","X2.12.Impact..Abundance","driver.Seawater.chemistry","Decrease",46
"648","X2.12.Impact..Abundance","driver.Seawater.chemistry","Complex",46
"649","X2.12.Impact..Richness","driver.Seawater.chemistry","Increase",9
"650","X2.12.Impact..Richness","driver.Seawater.chemistry","Decrease",15
"651","X2.12.Impact..Richness","driver.Seawater.chemistry","Complex",32
"652","X2.12.Impact..Loss","driver.Seawater.chemistry","Increase",24
"653","X2.12.Impact..Loss","driver.Seawater.chemistry","Decrease",5
"654","X2.12.Impact..Loss","driver.Seawater.chemistry","Complex",15
"655","X2.12.Impact..Disease","driver.Seawater.chemistry","Increase",36
"656","X2.12.Impact..Disease","driver.Seawater.chemistry","Complex",10
"657","X2.12.Impact..Invasion","driver.Seawater.chemistry","Increase",42
"658","X2.12.Impact..Invasion","driver.Seawater.chemistry","Complex",6
"659","X2.12.Impact..Composition","driver.Seawater.chemistry","Increase",19
"660","X2.12.Impact..Composition","driver.Seawater.chemistry","Decrease",2
"661","X2.12.Impact..Composition","driver.Seawater.chemistry","Complex",69
"662","X2.12.Impact..Genetics","driver.Seawater.chemistry","Increase",2
"663","X2.12.Impact..Genetics","driver.Seawater.chemistry","Decrease",7
"664","X2.12.Impact..Genetics","driver.Seawater.chemistry","Complex",11
"665","X2.12.Impact..Land.Use.Loss","driver.Seawater.chemistry","Increase",23
"666","X2.12.Impact..Land.Use.Loss","driver.Seawater.chemistry","Decrease",5
"667","X2.12.Impact..Land.Use.Loss","driver.Seawater.chemistry","Complex",2
"668","X2.12.Impact..Land.Use.Restore","driver.Seawater.chemistry","Increase",5
"669","X2.12.Impact..Land.Use.Restore","driver.Seawater.chemistry","Decrease",4
"670","X2.12.Impact..Land.Use.Restore","driver.Seawater.chemistry","Complex",5
"671","X2.12.Impact..Urbanization","driver.Seawater.chemistry","Increase",13
"672","X2.12.Impact..Urbanization","driver.Seawater.chemistry","Decrease",1
"673","X2.12.Impact..Urbanization","driver.Seawater.chemistry","Complex",1
"674","X2.12.Impact..Connectivity","driver.Seawater.chemistry","Increase",6
"675","X2.12.Impact..Connectivity","driver.Seawater.chemistry","Decrease",17
"676","X2.12.Impact..Connectivity","driver.Seawater.chemistry","Complex",8
"677","X2.12.Impact..Trophic","driver.Seawater.chemistry","Increase",12
"678","X2.12.Impact..Trophic","driver.Seawater.chemistry","Decrease",1
"679","X2.12.Impact..Trophic","driver.Seawater.chemistry","Complex",37
"680","X2.12.Impact..Indigenous.Knowledge","driver.Seawater.chemistry","Increase",3
"681","X2.12.Impact..Indigenous.Knowledge","driver.Seawater.chemistry","Decrease",3
"682","X2.12.Impact..Indigenous.Knowledge","driver.Seawater.chemistry","Complex",8
"683","X2.12.Impact..Management","driver.Seawater.chemistry","Increase",10
"684","X2.12.Impact..Management","driver.Seawater.chemistry","Decrease",1
"685","X2.12.Impact..Management","driver.Seawater.chemistry","Complex",23
"686","X2.12.Impact..Other","driver.Seawater.chemistry","Increase",18
"687","X2.12.Impact..Other","driver.Seawater.chemistry","Decrease",5
"688","X2.12.Impact..Other","driver.Seawater.chemistry","Complex",6
"689","X2.12.Impact..Abundance","driver.Land.ice.cover..glaciers.","Increase",21
"690","X2.12.Impact..Abundance","driver.Land.ice.cover..glaciers.","Decrease",46
"691","X2.12.Impact..Abundance","driver.Land.ice.cover..glaciers.","Complex",46
"692","X2.12.Impact..Richness","driver.Land.ice.cover..glaciers.","Increase",9
"693","X2.12.Impact..Richness","driver.Land.ice.cover..glaciers.","Decrease",15
"694","X2.12.Impact..Richness","driver.Land.ice.cover..glaciers.","Complex",32
"695","X2.12.Impact..Loss","driver.Land.ice.cover..glaciers.","Increase",24
"696","X2.12.Impact..Loss","driver.Land.ice.cover..glaciers.","Decrease",5
"697","X2.12.Impact..Loss","driver.Land.ice.cover..glaciers.","Complex",15
"698","X2.12.Impact..Disease","driver.Land.ice.cover..glaciers.","Increase",36
"699","X2.12.Impact..Disease","driver.Land.ice.cover..glaciers.","Complex",10
"700","X2.12.Impact..Invasion","driver.Land.ice.cover..glaciers.","Increase",42
"701","X2.12.Impact..Invasion","driver.Land.ice.cover..glaciers.","Complex",6
"702","X2.12.Impact..Composition","driver.Land.ice.cover..glaciers.","Increase",19
"703","X2.12.Impact..Composition","driver.Land.ice.cover..glaciers.","Decrease",2
"704","X2.12.Impact..Composition","driver.Land.ice.cover..glaciers.","Complex",69
"705","X2.12.Impact..Genetics","driver.Land.ice.cover..glaciers.","Increase",2
"706","X2.12.Impact..Genetics","driver.Land.ice.cover..glaciers.","Decrease",7
"707","X2.12.Impact..Genetics","driver.Land.ice.cover..glaciers.","Complex",11
"708","X2.12.Impact..Land.Use.Loss","driver.Land.ice.cover..glaciers.","Increase",23
"709","X2.12.Impact..Land.Use.Loss","driver.Land.ice.cover..glaciers.","Decrease",5
"710","X2.12.Impact..Land.Use.Loss","driver.Land.ice.cover..glaciers.","Complex",2
"711","X2.12.Impact..Land.Use.Restore","driver.Land.ice.cover..glaciers.","Increase",5
"712","X2.12.Impact..Land.Use.Restore","driver.Land.ice.cover..glaciers.","Decrease",4
"713","X2.12.Impact..Land.Use.Restore","driver.Land.ice.cover..glaciers.","Complex",5
"714","X2.12.Impact..Urbanization","driver.Land.ice.cover..glaciers.","Increase",13
"715","X2.12.Impact..Urbanization","driver.Land.ice.cover..glaciers.","Decrease",1
"716","X2.12.Impact..Urbanization","driver.Land.ice.cover..glaciers.","Complex",1
"717","X2.12.Impact..Connectivity","driver.Land.ice.cover..glaciers.","Increase",6
"718","X2.12.Impact..Connectivity","driver.Land.ice.cover..glaciers.","Decrease",17
"719","X2.12.Impact..Connectivity","driver.Land.ice.cover..glaciers.","Complex",8
"720","X2.12.Impact..Trophic","driver.Land.ice.cover..glaciers.","Increase",12
"721","X2.12.Impact..Trophic","driver.Land.ice.cover..glaciers.","Decrease",1
"722","X2.12.Impact..Trophic","driver.Land.ice.cover..glaciers.","Complex",37
"723","X2.12.Impact..Indigenous.Knowledge","driver.Land.ice.cover..glaciers.","Increase",3
"724","X2.12.Impact..Indigenous.Knowledge","driver.Land.ice.cover..glaciers.","Decrease",3
"725","X2.12.Impact..Indigenous.Knowledge","driver.Land.ice.cover..glaciers.","Complex",8
"726","X2.12.Impact..Management","driver.Land.ice.cover..glaciers.","Increase",10
"727","X2.12.Impact..Management","driver.Land.ice.cover..glaciers.","Decrease",1
"728","X2.12.Impact..Management","driver.Land.ice.cover..glaciers.","Complex",23
"729","X2.12.Impact..Other","driver.Land.ice.cover..glaciers.","Increase",18
"730","X2.12.Impact..Other","driver.Land.ice.cover..glaciers.","Decrease",5
"731","X2.12.Impact..Other","driver.Land.ice.cover..glaciers.","Complex",6
"732","X2.12.Impact..Abundance","driver.Ocean.currents","Increase",21
"733","X2.12.Impact..Abundance","driver.Ocean.currents","Decrease",46
"734","X2.12.Impact..Abundance","driver.Ocean.currents","Complex",46
"735","X2.12.Impact..Richness","driver.Ocean.currents","Increase",9
"736","X2.12.Impact..Richness","driver.Ocean.currents","Decrease",15
"737","X2.12.Impact..Richness","driver.Ocean.currents","Complex",32
"738","X2.12.Impact..Loss","driver.Ocean.currents","Increase",24
"739","X2.12.Impact..Loss","driver.Ocean.currents","Decrease",5
"740","X2.12.Impact..Loss","driver.Ocean.currents","Complex",15
"741","X2.12.Impact..Disease","driver.Ocean.currents","Increase",36
"742","X2.12.Impact..Disease","driver.Ocean.currents","Complex",10
"743","X2.12.Impact..Invasion","driver.Ocean.currents","Increase",42
"744","X2.12.Impact..Invasion","driver.Ocean.currents","Complex",6
"745","X2.12.Impact..Composition","driver.Ocean.currents","Increase",19
"746","X2.12.Impact..Composition","driver.Ocean.currents","Decrease",2
"747","X2.12.Impact..Composition","driver.Ocean.currents","Complex",69
"748","X2.12.Impact..Genetics","driver.Ocean.currents","Increase",2
"749","X2.12.Impact..Genetics","driver.Ocean.currents","Decrease",7
"750","X2.12.Impact..Genetics","driver.Ocean.currents","Complex",11
"751","X2.12.Impact..Land.Use.Loss","driver.Ocean.currents","Increase",23
"752","X2.12.Impact..Land.Use.Loss","driver.Ocean.currents","Decrease",5
"753","X2.12.Impact..Land.Use.Loss","driver.Ocean.currents","Complex",2
"754","X2.12.Impact..Land.Use.Restore","driver.Ocean.currents","Increase",5
"755","X2.12.Impact..Land.Use.Restore","driver.Ocean.currents","Decrease",4
"756","X2.12.Impact..Land.Use.Restore","driver.Ocean.currents","Complex",5
"757","X2.12.Impact..Urbanization","driver.Ocean.currents","Increase",13
"758","X2.12.Impact..Urbanization","driver.Ocean.currents","Decrease",1
"759","X2.12.Impact..Urbanization","driver.Ocean.currents","Complex",1
"760","X2.12.Impact..Connectivity","driver.Ocean.currents","Increase",6
"761","X2.12.Impact..Connectivity","driver.Ocean.currents","Decrease",17
"762","X2.12.Impact..Connectivity","driver.Ocean.currents","Complex",8
"763","X2.12.Impact..Trophic","driver.Ocean.currents","Increase",12
"764","X2.12.Impact..Trophic","driver.Ocean.currents","Decrease",1
"765","X2.12.Impact..Trophic","driver.Ocean.currents","Complex",37
"766","X2.12.Impact..Indigenous.Knowledge","driver.Ocean.currents","Increase",3
"767","X2.12.Impact..Indigenous.Knowledge","driver.Ocean.currents","Decrease",3
"768","X2.12.Impact..Indigenous.Knowledge","driver.Ocean.currents","Complex",8
"769","X2.12.Impact..Management","driver.Ocean.currents","Increase",10
"770","X2.12.Impact..Management","driver.Ocean.currents","Decrease",1
"771","X2.12.Impact..Management","driver.Ocean.currents","Complex",23
"772","X2.12.Impact..Other","driver.Ocean.currents","Increase",18
"773","X2.12.Impact..Other","driver.Ocean.currents","Decrease",5
"774","X2.12.Impact..Other","driver.Ocean.currents","Complex",6
"775","X2.12.Impact..Abundance","driver.C02.concentration","Increase",21
"776","X2.12.Impact..Abundance","driver.C02.concentration","Decrease",46
"777","X2.12.Impact..Abundance","driver.C02.concentration","Complex",46
"778","X2.12.Impact..Richness","driver.C02.concentration","Increase",9
"779","X2.12.Impact..Richness","driver.C02.concentration","Decrease",15
"780","X2.12.Impact..Richness","driver.C02.concentration","Complex",32
"781","X2.12.Impact..Loss","driver.C02.concentration","Increase",24
"782","X2.12.Impact..Loss","driver.C02.concentration","Decrease",5
"783","X2.12.Impact..Loss","driver.C02.concentration","Complex",15
"784","X2.12.Impact..Disease","driver.C02.concentration","Increase",36
"785","X2.12.Impact..Disease","driver.C02.concentration","Complex",10
"786","X2.12.Impact..Invasion","driver.C02.concentration","Increase",42
"787","X2.12.Impact..Invasion","driver.C02.concentration","Complex",6
"788","X2.12.Impact..Composition","driver.C02.concentration","Increase",19
"789","X2.12.Impact..Composition","driver.C02.concentration","Decrease",2
"790","X2.12.Impact..Composition","driver.C02.concentration","Complex",69
"791","X2.12.Impact..Genetics","driver.C02.concentration","Increase",2
"792","X2.12.Impact..Genetics","driver.C02.concentration","Decrease",7
"793","X2.12.Impact..Genetics","driver.C02.concentration","Complex",11
"794","X2.12.Impact..Land.Use.Loss","driver.C02.concentration","Increase",23
"795","X2.12.Impact..Land.Use.Loss","driver.C02.concentration","Decrease",5
"796","X2.12.Impact..Land.Use.Loss","driver.C02.concentration","Complex",2
"797","X2.12.Impact..Land.Use.Restore","driver.C02.concentration","Increase",5
"798","X2.12.Impact..Land.Use.Restore","driver.C02.concentration","Decrease",4
"799","X2.12.Impact..Land.Use.Restore","driver.C02.concentration","Complex",5
"800","X2.12.Impact..Urbanization","driver.C02.concentration","Increase",13
"801","X2.12.Impact..Urbanization","driver.C02.concentration","Decrease",1
"802","X2.12.Impact..Urbanization","driver.C02.concentration","Complex",1
"803","X2.12.Impact..Connectivity","driver.C02.concentration","Increase",6
"804","X2.12.Impact..Connectivity","driver.C02.concentration","Decrease",17
"805","X2.12.Impact..Connectivity","driver.C02.concentration","Complex",8
"806","X2.12.Impact..Trophic","driver.C02.concentration","Increase",12
"807","X2.12.Impact..Trophic","driver.C02.concentration","Decrease",1
"808","X2.12.Impact..Trophic","driver.C02.concentration","Complex",37
"809","X2.12.Impact..Indigenous.Knowledge","driver.C02.concentration","Increase",3
"810","X2.12.Impact..Indigenous.Knowledge","driver.C02.concentration","Decrease",3
"811","X2.12.Impact..Indigenous.Knowledge","driver.C02.concentration","Complex",8
"812","X2.12.Impact..Management","driver.C02.concentration","Increase",10
"813","X2.12.Impact..Management","driver.C02.concentration","Decrease",1
"814","X2.12.Impact..Management","driver.C02.concentration","Complex",23
"815","X2.12.Impact..Other","driver.C02.concentration","Increase",18
"816","X2.12.Impact..Other","driver.C02.concentration","Decrease",5
"817","X2.12.Impact..Other","driver.C02.concentration","Complex",6
"818","X2.12.Impact..Abundance","driver.freshwater.temperature.change","Increase",21
"819","X2.12.Impact..Abundance","driver.freshwater.temperature.change","Decrease",46
"820","X2.12.Impact..Abundance","driver.freshwater.temperature.change","Complex",46
"821","X2.12.Impact..Richness","driver.freshwater.temperature.change","Increase",9
"822","X2.12.Impact..Richness","driver.freshwater.temperature.change","Decrease",15
"823","X2.12.Impact..Richness","driver.freshwater.temperature.change","Complex",32
"824","X2.12.Impact..Loss","driver.freshwater.temperature.change","Increase",24
"825","X2.12.Impact..Loss","driver.freshwater.temperature.change","Decrease",5
"826","X2.12.Impact..Loss","driver.freshwater.temperature.change","Complex",15
"827","X2.12.Impact..Disease","driver.freshwater.temperature.change","Increase",36
"828","X2.12.Impact..Disease","driver.freshwater.temperature.change","Complex",10
"829","X2.12.Impact..Invasion","driver.freshwater.temperature.change","Increase",42
"830","X2.12.Impact..Invasion","driver.freshwater.temperature.change","Complex",6
"831","X2.12.Impact..Composition","driver.freshwater.temperature.change","Increase",19
"832","X2.12.Impact..Composition","driver.freshwater.temperature.change","Decrease",2
"833","X2.12.Impact..Composition","driver.freshwater.temperature.change","Complex",69
"834","X2.12.Impact..Genetics","driver.freshwater.temperature.change","Increase",2
"835","X2.12.Impact..Genetics","driver.freshwater.temperature.change","Decrease",7
"836","X2.12.Impact..Genetics","driver.freshwater.temperature.change","Complex",11
"837","X2.12.Impact..Land.Use.Loss","driver.freshwater.temperature.change","Increase",23
"838","X2.12.Impact..Land.Use.Loss","driver.freshwater.temperature.change","Decrease",5
"839","X2.12.Impact..Land.Use.Loss","driver.freshwater.temperature.change","Complex",2
"840","X2.12.Impact..Land.Use.Restore","driver.freshwater.temperature.change","Increase",5
"841","X2.12.Impact..Land.Use.Restore","driver.freshwater.temperature.change","Decrease",4
"842","X2.12.Impact..Land.Use.Restore","driver.freshwater.temperature.change","Complex",5
"843","X2.12.Impact..Urbanization","driver.freshwater.temperature.change","Increase",13
"844","X2.12.Impact..Urbanization","driver.freshwater.temperature.change","Decrease",1
"845","X2.12.Impact..Urbanization","driver.freshwater.temperature.change","Complex",1
"846","X2.12.Impact..Connectivity","driver.freshwater.temperature.change","Increase",6
"847","X2.12.Impact..Connectivity","driver.freshwater.temperature.change","Decrease",17
"848","X2.12.Impact..Connectivity","driver.freshwater.temperature.change","Complex",8
"849","X2.12.Impact..Trophic","driver.freshwater.temperature.change","Increase",12
"850","X2.12.Impact..Trophic","driver.freshwater.temperature.change","Decrease",1
"851","X2.12.Impact..Trophic","driver.freshwater.temperature.change","Complex",37
"852","X2.12.Impact..Indigenous.Knowledge","driver.freshwater.temperature.change","Increase",3
"853","X2.12.Impact..Indigenous.Knowledge","driver.freshwater.temperature.change","Decrease",3
"854","X2.12.Impact..Indigenous.Knowledge","driver.freshwater.temperature.change","Complex",8
"855","X2.12.Impact..Management","driver.freshwater.temperature.change","Increase",10
"856","X2.12.Impact..Management","driver.freshwater.temperature.change","Decrease",1
"857","X2.12.Impact..Management","driver.freshwater.temperature.change","Complex",23
"858","X2.12.Impact..Other","driver.freshwater.temperature.change","Increase",18
"859","X2.12.Impact..Other","driver.freshwater.temperature.change","Decrease",5
"860","X2.12.Impact..Other","driver.freshwater.temperature.change","Complex",6
"861","X2.12.Impact..Abundance","driver.frazzle..land.ice..change","Increase",21
"862","X2.12.Impact..Abundance","driver.frazzle..land.ice..change","Decrease",46
"863","X2.12.Impact..Abundance","driver.frazzle..land.ice..change","Complex",46
"864","X2.12.Impact..Richness","driver.frazzle..land.ice..change","Increase",9
"865","X2.12.Impact..Richness","driver.frazzle..land.ice..change","Decrease",15
"866","X2.12.Impact..Richness","driver.frazzle..land.ice..change","Complex",32
"867","X2.12.Impact..Loss","driver.frazzle..land.ice..change","Increase",24
"868","X2.12.Impact..Loss","driver.frazzle..land.ice..change","Decrease",5
"869","X2.12.Impact..Loss","driver.frazzle..land.ice..change","Complex",15
"870","X2.12.Impact..Disease","driver.frazzle..land.ice..change","Increase",36
"871","X2.12.Impact..Disease","driver.frazzle..land.ice..change","Complex",10
"872","X2.12.Impact..Invasion","driver.frazzle..land.ice..change","Increase",42
"873","X2.12.Impact..Invasion","driver.frazzle..land.ice..change","Complex",6
"874","X2.12.Impact..Composition","driver.frazzle..land.ice..change","Increase",19
"875","X2.12.Impact..Composition","driver.frazzle..land.ice..change","Decrease",2
"876","X2.12.Impact..Composition","driver.frazzle..land.ice..change","Complex",69
"877","X2.12.Impact..Genetics","driver.frazzle..land.ice..change","Increase",2
"878","X2.12.Impact..Genetics","driver.frazzle..land.ice..change","Decrease",7
"879","X2.12.Impact..Genetics","driver.frazzle..land.ice..change","Complex",11
"880","X2.12.Impact..Land.Use.Loss","driver.frazzle..land.ice..change","Increase",23
"881","X2.12.Impact..Land.Use.Loss","driver.frazzle..land.ice..change","Decrease",5
"882","X2.12.Impact..Land.Use.Loss","driver.frazzle..land.ice..change","Complex",2
"883","X2.12.Impact..Land.Use.Restore","driver.frazzle..land.ice..change","Increase",5
"884","X2.12.Impact..Land.Use.Restore","driver.frazzle..land.ice..change","Decrease",4
"885","X2.12.Impact..Land.Use.Restore","driver.frazzle..land.ice..change","Complex",5
"886","X2.12.Impact..Urbanization","driver.frazzle..land.ice..change","Increase",13
"887","X2.12.Impact..Urbanization","driver.frazzle..land.ice..change","Decrease",1
"888","X2.12.Impact..Urbanization","driver.frazzle..land.ice..change","Complex",1
"889","X2.12.Impact..Connectivity","driver.frazzle..land.ice..change","Increase",6
"890","X2.12.Impact..Connectivity","driver.frazzle..land.ice..change","Decrease",17
"891","X2.12.Impact..Connectivity","driver.frazzle..land.ice..change","Complex",8
"892","X2.12.Impact..Trophic","driver.frazzle..land.ice..change","Increase",12
"893","X2.12.Impact..Trophic","driver.frazzle..land.ice..change","Decrease",1
"894","X2.12.Impact..Trophic","driver.frazzle..land.ice..change","Complex",37
"895","X2.12.Impact..Indigenous.Knowledge","driver.frazzle..land.ice..change","Increase",3
"896","X2.12.Impact..Indigenous.Knowledge","driver.frazzle..land.ice..change","Decrease",3
"897","X2.12.Impact..Indigenous.Knowledge","driver.frazzle..land.ice..change","Complex",8
"898","X2.12.Impact..Management","driver.frazzle..land.ice..change","Increase",10
"899","X2.12.Impact..Management","driver.frazzle..land.ice..change","Decrease",1
"900","X2.12.Impact..Management","driver.frazzle..land.ice..change","Complex",23
"901","X2.12.Impact..Other","driver.frazzle..land.ice..change","Increase",18
"902","X2.12.Impact..Other","driver.frazzle..land.ice..change","Decrease",5
"903","X2.12.Impact..Other","driver.frazzle..land.ice..change","Complex",6
"904","X2.12.Impact..Abundance","driver.surface.water.change","Increase",21
"905","X2.12.Impact..Abundance","driver.surface.water.change","Decrease",46
"906","X2.12.Impact..Abundance","driver.surface.water.change","Complex",46
"907","X2.12.Impact..Richness","driver.surface.water.change","Increase",9
"908","X2.12.Impact..Richness","driver.surface.water.change","Decrease",15
"909","X2.12.Impact..Richness","driver.surface.water.change","Complex",32
"910","X2.12.Impact..Loss","driver.surface.water.change","Increase",24
"911","X2.12.Impact..Loss","driver.surface.water.change","Decrease",5
"912","X2.12.Impact..Loss","driver.surface.water.change","Complex",15
"913","X2.12.Impact..Disease","driver.surface.water.change","Increase",36
"914","X2.12.Impact..Disease","driver.surface.water.change","Complex",10
"915","X2.12.Impact..Invasion","driver.surface.water.change","Increase",42
"916","X2.12.Impact..Invasion","driver.surface.water.change","Complex",6
"917","X2.12.Impact..Composition","driver.surface.water.change","Increase",19
"918","X2.12.Impact..Composition","driver.surface.water.change","Decrease",2
"919","X2.12.Impact..Composition","driver.surface.water.change","Complex",69
"920","X2.12.Impact..Genetics","driver.surface.water.change","Increase",2
"921","X2.12.Impact..Genetics","driver.surface.water.change","Decrease",7
"922","X2.12.Impact..Genetics","driver.surface.water.change","Complex",11
"923","X2.12.Impact..Land.Use.Loss","driver.surface.water.change","Increase",23
"924","X2.12.Impact..Land.Use.Loss","driver.surface.water.change","Decrease",5
"925","X2.12.Impact..Land.Use.Loss","driver.surface.water.change","Complex",2
"926","X2.12.Impact..Land.Use.Restore","driver.surface.water.change","Increase",5
"927","X2.12.Impact..Land.Use.Restore","driver.surface.water.change","Decrease",4
"928","X2.12.Impact..Land.Use.Restore","driver.surface.water.change","Complex",5
"929","X2.12.Impact..Urbanization","driver.surface.water.change","Increase",13
"930","X2.12.Impact..Urbanization","driver.surface.water.change","Decrease",1
"931","X2.12.Impact..Urbanization","driver.surface.water.change","Complex",1
"932","X2.12.Impact..Connectivity","driver.surface.water.change","Increase",6
"933","X2.12.Impact..Connectivity","driver.surface.water.change","Decrease",17
"934","X2.12.Impact..Connectivity","driver.surface.water.change","Complex",8
"935","X2.12.Impact..Trophic","driver.surface.water.change","Increase",12
"936","X2.12.Impact..Trophic","driver.surface.water.change","Decrease",1
"937","X2.12.Impact..Trophic","driver.surface.water.change","Complex",37
"938","X2.12.Impact..Indigenous.Knowledge","driver.surface.water.change","Increase",3
"939","X2.12.Impact..Indigenous.Knowledge","driver.surface.water.change","Decrease",3
"940","X2.12.Impact..Indigenous.Knowledge","driver.surface.water.change","Complex",8
"941","X2.12.Impact..Management","driver.surface.water.change","Increase",10
"942","X2.12.Impact..Management","driver.surface.water.change","Decrease",1
"943","X2.12.Impact..Management","driver.surface.water.change","Complex",23
"944","X2.12.Impact..Other","driver.surface.water.change","Increase",18
"945","X2.12.Impact..Other","driver.surface.water.change","Decrease",5
"946","X2.12.Impact..Other","driver.surface.water.change","Complex",6
"947","X2.12.Impact..Abundance","driver.freshwater.chemistry.change","Increase",21
"948","X2.12.Impact..Abundance","driver.freshwater.chemistry.change","Decrease",46
"949","X2.12.Impact..Abundance","driver.freshwater.chemistry.change","Complex",46
"950","X2.12.Impact..Richness","driver.freshwater.chemistry.change","Increase",9
"951","X2.12.Impact..Richness","driver.freshwater.chemistry.change","Decrease",15
"952","X2.12.Impact..Richness","driver.freshwater.chemistry.change","Complex",32
"953","X2.12.Impact..Loss","driver.freshwater.chemistry.change","Increase",24
"954","X2.12.Impact..Loss","driver.freshwater.chemistry.change","Decrease",5
"955","X2.12.Impact..Loss","driver.freshwater.chemistry.change","Complex",15
"956","X2.12.Impact..Disease","driver.freshwater.chemistry.change","Increase",36
"957","X2.12.Impact..Disease","driver.freshwater.chemistry.change","Complex",10
"958","X2.12.Impact..Invasion","driver.freshwater.chemistry.change","Increase",42
"959","X2.12.Impact..Invasion","driver.freshwater.chemistry.change","Complex",6
"960","X2.12.Impact..Composition","driver.freshwater.chemistry.change","Increase",19
"961","X2.12.Impact..Composition","driver.freshwater.chemistry.change","Decrease",2
"962","X2.12.Impact..Composition","driver.freshwater.chemistry.change","Complex",69
"963","X2.12.Impact..Genetics","driver.freshwater.chemistry.change","Increase",2
"964","X2.12.Impact..Genetics","driver.freshwater.chemistry.change","Decrease",7
"965","X2.12.Impact..Genetics","driver.freshwater.chemistry.change","Complex",11
"966","X2.12.Impact..Land.Use.Loss","driver.freshwater.chemistry.change","Increase",23
"967","X2.12.Impact..Land.Use.Loss","driver.freshwater.chemistry.change","Decrease",5
"968","X2.12.Impact..Land.Use.Loss","driver.freshwater.chemistry.change","Complex",2
"969","X2.12.Impact..Land.Use.Restore","driver.freshwater.chemistry.change","Increase",5
"970","X2.12.Impact..Land.Use.Restore","driver.freshwater.chemistry.change","Decrease",4
"971","X2.12.Impact..Land.Use.Restore","driver.freshwater.chemistry.change","Complex",5
"972","X2.12.Impact..Urbanization","driver.freshwater.chemistry.change","Increase",13
"973","X2.12.Impact..Urbanization","driver.freshwater.chemistry.change","Decrease",1
"974","X2.12.Impact..Urbanization","driver.freshwater.chemistry.change","Complex",1
"975","X2.12.Impact..Connectivity","driver.freshwater.chemistry.change","Increase",6
"976","X2.12.Impact..Connectivity","driver.freshwater.chemistry.change","Decrease",17
"977","X2.12.Impact..Connectivity","driver.freshwater.chemistry.change","Complex",8
"978","X2.12.Impact..Trophic","driver.freshwater.chemistry.change","Increase",12
"979","X2.12.Impact..Trophic","driver.freshwater.chemistry.change","Decrease",1
"980","X2.12.Impact..Trophic","driver.freshwater.chemistry.change","Complex",37
"981","X2.12.Impact..Indigenous.Knowledge","driver.freshwater.chemistry.change","Increase",3
"982","X2.12.Impact..Indigenous.Knowledge","driver.freshwater.chemistry.change","Decrease",3
"983","X2.12.Impact..Indigenous.Knowledge","driver.freshwater.chemistry.change","Complex",8
"984","X2.12.Impact..Management","driver.freshwater.chemistry.change","Increase",10
"985","X2.12.Impact..Management","driver.freshwater.chemistry.change","Decrease",1
"986","X2.12.Impact..Management","driver.freshwater.chemistry.change","Complex",23
"987","X2.12.Impact..Other","driver.freshwater.chemistry.change","Increase",18
"988","X2.12.Impact..Other","driver.freshwater.chemistry.change","Decrease",5
"989","X2.12.Impact..Other","driver.freshwater.chemistry.change","Complex",6
"990","X2.12.Impact..Abundance","driver.wind.pattern.change","Increase",21
"991","X2.12.Impact..Abundance","driver.wind.pattern.change","Decrease",46
"992","X2.12.Impact..Abundance","driver.wind.pattern.change","Complex",46
"993","X2.12.Impact..Richness","driver.wind.pattern.change","Increase",9
"994","X2.12.Impact..Richness","driver.wind.pattern.change","Decrease",15
"995","X2.12.Impact..Richness","driver.wind.pattern.change","Complex",32
"996","X2.12.Impact..Loss","driver.wind.pattern.change","Increase",24
"997","X2.12.Impact..Loss","driver.wind.pattern.change","Decrease",5
"998","X2.12.Impact..Loss","driver.wind.pattern.change","Complex",15
"999","X2.12.Impact..Disease","driver.wind.pattern.change","Increase",36
"1000","X2.12.Impact..Disease","driver.wind.pattern.change","Complex",10
"1001","X2.12.Impact..Invasion","driver.wind.pattern.change","Increase",42
"1002","X2.12.Impact..Invasion","driver.wind.pattern.change","Complex",6
"1003","X2.12.Impact..Composition","driver.wind.pattern.change","Increase",19
"1004","X2.12.Impact..Composition","driver.wind.pattern.change","Decrease",2
"1005","X2.12.Impact..Composition","driver.wind.pattern.change","Complex",69
"1006","X2.12.Impact..Genetics","driver.wind.pattern.change","Increase",2
"1007","X2.12.Impact..Genetics","driver.wind.pattern.change","Decrease",7
"1008","X2.12.Impact..Genetics","driver.wind.pattern.change","Complex",11
"1009","X2.12.Impact..Land.Use.Loss","driver.wind.pattern.change","Increase",23
"1010","X2.12.Impact..Land.Use.Loss","driver.wind.pattern.change","Decrease",5
"1011","X2.12.Impact..Land.Use.Loss","driver.wind.pattern.change","Complex",2
"1012","X2.12.Impact..Land.Use.Restore","driver.wind.pattern.change","Increase",5
"1013","X2.12.Impact..Land.Use.Restore","driver.wind.pattern.change","Decrease",4
"1014","X2.12.Impact..Land.Use.Restore","driver.wind.pattern.change","Complex",5
"1015","X2.12.Impact..Urbanization","driver.wind.pattern.change","Increase",13
"1016","X2.12.Impact..Urbanization","driver.wind.pattern.change","Decrease",1
"1017","X2.12.Impact..Urbanization","driver.wind.pattern.change","Complex",1
"1018","X2.12.Impact..Connectivity","driver.wind.pattern.change","Increase",6
"1019","X2.12.Impact..Connectivity","driver.wind.pattern.change","Decrease",17
"1020","X2.12.Impact..Connectivity","driver.wind.pattern.change","Complex",8
"1021","X2.12.Impact..Trophic","driver.wind.pattern.change","Increase",12
"1022","X2.12.Impact..Trophic","driver.wind.pattern.change","Decrease",1
"1023","X2.12.Impact..Trophic","driver.wind.pattern.change","Complex",37
"1024","X2.12.Impact..Indigenous.Knowledge","driver.wind.pattern.change","Increase",3
"1025","X2.12.Impact..Indigenous.Knowledge","driver.wind.pattern.change","Decrease",3
"1026","X2.12.Impact..Indigenous.Knowledge","driver.wind.pattern.change","Complex",8
"1027","X2.12.Impact..Management","driver.wind.pattern.change","Increase",10
"1028","X2.12.Impact..Management","driver.wind.pattern.change","Decrease",1
"1029","X2.12.Impact..Management","driver.wind.pattern.change","Complex",23
"1030","X2.12.Impact..Other","driver.wind.pattern.change","Increase",18
"1031","X2.12.Impact..Other","driver.wind.pattern.change","Decrease",5
"1032","X2.12.Impact..Other","driver.wind.pattern.change","Complex",6
"1033","X2.12.Impact..Abundance","driver.snow.pack..depth.and.hardness.","Increase",21
"1034","X2.12.Impact..Abundance","driver.snow.pack..depth.and.hardness.","Decrease",46
"1035","X2.12.Impact..Abundance","driver.snow.pack..depth.and.hardness.","Complex",46
"1036","X2.12.Impact..Richness","driver.snow.pack..depth.and.hardness.","Increase",9
"1037","X2.12.Impact..Richness","driver.snow.pack..depth.and.hardness.","Decrease",15
"1038","X2.12.Impact..Richness","driver.snow.pack..depth.and.hardness.","Complex",32
"1039","X2.12.Impact..Loss","driver.snow.pack..depth.and.hardness.","Increase",24
"1040","X2.12.Impact..Loss","driver.snow.pack..depth.and.hardness.","Decrease",5
"1041","X2.12.Impact..Loss","driver.snow.pack..depth.and.hardness.","Complex",15
"1042","X2.12.Impact..Disease","driver.snow.pack..depth.and.hardness.","Increase",36
"1043","X2.12.Impact..Disease","driver.snow.pack..depth.and.hardness.","Complex",10
"1044","X2.12.Impact..Invasion","driver.snow.pack..depth.and.hardness.","Increase",42
"1045","X2.12.Impact..Invasion","driver.snow.pack..depth.and.hardness.","Complex",6
"1046","X2.12.Impact..Composition","driver.snow.pack..depth.and.hardness.","Increase",19
"1047","X2.12.Impact..Composition","driver.snow.pack..depth.and.hardness.","Decrease",2
"1048","X2.12.Impact..Composition","driver.snow.pack..depth.and.hardness.","Complex",69
"1049","X2.12.Impact..Genetics","driver.snow.pack..depth.and.hardness.","Increase",2
"1050","X2.12.Impact..Genetics","driver.snow.pack..depth.and.hardness.","Decrease",7
"1051","X2.12.Impact..Genetics","driver.snow.pack..depth.and.hardness.","Complex",11
"1052","X2.12.Impact..Land.Use.Loss","driver.snow.pack..depth.and.hardness.","Increase",23
"1053","X2.12.Impact..Land.Use.Loss","driver.snow.pack..depth.and.hardness.","Decrease",5
"1054","X2.12.Impact..Land.Use.Loss","driver.snow.pack..depth.and.hardness.","Complex",2
"1055","X2.12.Impact..Land.Use.Restore","driver.snow.pack..depth.and.hardness.","Increase",5
"1056","X2.12.Impact..Land.Use.Restore","driver.snow.pack..depth.and.hardness.","Decrease",4
"1057","X2.12.Impact..Land.Use.Restore","driver.snow.pack..depth.and.hardness.","Complex",5
"1058","X2.12.Impact..Urbanization","driver.snow.pack..depth.and.hardness.","Increase",13
"1059","X2.12.Impact..Urbanization","driver.snow.pack..depth.and.hardness.","Decrease",1
"1060","X2.12.Impact..Urbanization","driver.snow.pack..depth.and.hardness.","Complex",1
"1061","X2.12.Impact..Connectivity","driver.snow.pack..depth.and.hardness.","Increase",6
"1062","X2.12.Impact..Connectivity","driver.snow.pack..depth.and.hardness.","Decrease",17
"1063","X2.12.Impact..Connectivity","driver.snow.pack..depth.and.hardness.","Complex",8
"1064","X2.12.Impact..Trophic","driver.snow.pack..depth.and.hardness.","Increase",12
"1065","X2.12.Impact..Trophic","driver.snow.pack..depth.and.hardness.","Decrease",1
"1066","X2.12.Impact..Trophic","driver.snow.pack..depth.and.hardness.","Complex",37
"1067","X2.12.Impact..Indigenous.Knowledge","driver.snow.pack..depth.and.hardness.","Increase",3
"1068","X2.12.Impact..Indigenous.Knowledge","driver.snow.pack..depth.and.hardness.","Decrease",3
"1069","X2.12.Impact..Indigenous.Knowledge","driver.snow.pack..depth.and.hardness.","Complex",8
"1070","X2.12.Impact..Management","driver.snow.pack..depth.and.hardness.","Increase",10
"1071","X2.12.Impact..Management","driver.snow.pack..depth.and.hardness.","Decrease",1
"1072","X2.12.Impact..Management","driver.snow.pack..depth.and.hardness.","Complex",23
"1073","X2.12.Impact..Other","driver.snow.pack..depth.and.hardness.","Increase",18
"1074","X2.12.Impact..Other","driver.snow.pack..depth.and.hardness.","Decrease",5
"1075","X2.12.Impact..Other","driver.snow.pack..depth.and.hardness.","Complex",6
"1076","X2.12.Impact..Abundance","driver.El.Nino.Southern.Oscillation..ENSO.","Increase",21
"1077","X2.12.Impact..Abundance","driver.El.Nino.Southern.Oscillation..ENSO.","Decrease",46
"1078","X2.12.Impact..Abundance","driver.El.Nino.Southern.Oscillation..ENSO.","Complex",46
"1079","X2.12.Impact..Richness","driver.El.Nino.Southern.Oscillation..ENSO.","Increase",9
"1080","X2.12.Impact..Richness","driver.El.Nino.Southern.Oscillation..ENSO.","Decrease",15
"1081","X2.12.Impact..Richness","driver.El.Nino.Southern.Oscillation..ENSO.","Complex",32
"1082","X2.12.Impact..Loss","driver.El.Nino.Southern.Oscillation..ENSO.","Increase",24
"1083","X2.12.Impact..Loss","driver.El.Nino.Southern.Oscillation..ENSO.","Decrease",5
"1084","X2.12.Impact..Loss","driver.El.Nino.Southern.Oscillation..ENSO.","Complex",15
"1085","X2.12.Impact..Disease","driver.El.Nino.Southern.Oscillation..ENSO.","Increase",36
"1086","X2.12.Impact..Disease","driver.El.Nino.Southern.Oscillation..ENSO.","Complex",10
"1087","X2.12.Impact..Invasion","driver.El.Nino.Southern.Oscillation..ENSO.","Increase",42
"1088","X2.12.Impact..Invasion","driver.El.Nino.Southern.Oscillation..ENSO.","Complex",6
"1089","X2.12.Impact..Composition","driver.El.Nino.Southern.Oscillation..ENSO.","Increase",19
"1090","X2.12.Impact..Composition","driver.El.Nino.Southern.Oscillation..ENSO.","Decrease",2
"1091","X2.12.Impact..Composition","driver.El.Nino.Southern.Oscillation..ENSO.","Complex",69
"1092","X2.12.Impact..Genetics","driver.El.Nino.Southern.Oscillation..ENSO.","Increase",2
"1093","X2.12.Impact..Genetics","driver.El.Nino.Southern.Oscillation..ENSO.","Decrease",7
"1094","X2.12.Impact..Genetics","driver.El.Nino.Southern.Oscillation..ENSO.","Complex",11
"1095","X2.12.Impact..Land.Use.Loss","driver.El.Nino.Southern.Oscillation..ENSO.","Increase",23
"1096","X2.12.Impact..Land.Use.Loss","driver.El.Nino.Southern.Oscillation..ENSO.","Decrease",5
"1097","X2.12.Impact..Land.Use.Loss","driver.El.Nino.Southern.Oscillation..ENSO.","Complex",2
"1098","X2.12.Impact..Land.Use.Restore","driver.El.Nino.Southern.Oscillation..ENSO.","Increase",5
"1099","X2.12.Impact..Land.Use.Restore","driver.El.Nino.Southern.Oscillation..ENSO.","Decrease",4
"1100","X2.12.Impact..Land.Use.Restore","driver.El.Nino.Southern.Oscillation..ENSO.","Complex",5
"1101","X2.12.Impact..Urbanization","driver.El.Nino.Southern.Oscillation..ENSO.","Increase",13
"1102","X2.12.Impact..Urbanization","driver.El.Nino.Southern.Oscillation..ENSO.","Decrease",1
"1103","X2.12.Impact..Urbanization","driver.El.Nino.Southern.Oscillation..ENSO.","Complex",1
"1104","X2.12.Impact..Connectivity","driver.El.Nino.Southern.Oscillation..ENSO.","Increase",6
"1105","X2.12.Impact..Connectivity","driver.El.Nino.Southern.Oscillation..ENSO.","Decrease",17
"1106","X2.12.Impact..Connectivity","driver.El.Nino.Southern.Oscillation..ENSO.","Complex",8
"1107","X2.12.Impact..Trophic","driver.El.Nino.Southern.Oscillation..ENSO.","Increase",12
"1108","X2.12.Impact..Trophic","driver.El.Nino.Southern.Oscillation..ENSO.","Decrease",1
"1109","X2.12.Impact..Trophic","driver.El.Nino.Southern.Oscillation..ENSO.","Complex",37
"1110","X2.12.Impact..Indigenous.Knowledge","driver.El.Nino.Southern.Oscillation..ENSO.","Increase",3
"1111","X2.12.Impact..Indigenous.Knowledge","driver.El.Nino.Southern.Oscillation..ENSO.","Decrease",3
"1112","X2.12.Impact..Indigenous.Knowledge","driver.El.Nino.Southern.Oscillation..ENSO.","Complex",8
"1113","X2.12.Impact..Management","driver.El.Nino.Southern.Oscillation..ENSO.","Increase",10
"1114","X2.12.Impact..Management","driver.El.Nino.Southern.Oscillation..ENSO.","Decrease",1
"1115","X2.12.Impact..Management","driver.El.Nino.Southern.Oscillation..ENSO.","Complex",23
"1116","X2.12.Impact..Other","driver.El.Nino.Southern.Oscillation..ENSO.","Increase",18
"1117","X2.12.Impact..Other","driver.El.Nino.Southern.Oscillation..ENSO.","Decrease",5
"1118","X2.12.Impact..Other","driver.El.Nino.Southern.Oscillation..ENSO.","Complex",6
"1119","X2.12.Impact..Abundance","driver.snow.pack.change","Increase",21
"1120","X2.12.Impact..Abundance","driver.snow.pack.change","Decrease",46
"1121","X2.12.Impact..Abundance","driver.snow.pack.change","Complex",46
"1122","X2.12.Impact..Richness","driver.snow.pack.change","Increase",9
"1123","X2.12.Impact..Richness","driver.snow.pack.change","Decrease",15
"1124","X2.12.Impact..Richness","driver.snow.pack.change","Complex",32
"1125","X2.12.Impact..Loss","driver.snow.pack.change","Increase",24
"1126","X2.12.Impact..Loss","driver.snow.pack.change","Decrease",5
"1127","X2.12.Impact..Loss","driver.snow.pack.change","Complex",15
"1128","X2.12.Impact..Disease","driver.snow.pack.change","Increase",36
"1129","X2.12.Impact..Disease","driver.snow.pack.change","Complex",10
"1130","X2.12.Impact..Invasion","driver.snow.pack.change","Increase",42
"1131","X2.12.Impact..Invasion","driver.snow.pack.change","Complex",6
"1132","X2.12.Impact..Composition","driver.snow.pack.change","Increase",19
"1133","X2.12.Impact..Composition","driver.snow.pack.change","Decrease",2
"1134","X2.12.Impact..Composition","driver.snow.pack.change","Complex",69
"1135","X2.12.Impact..Genetics","driver.snow.pack.change","Increase",2
"1136","X2.12.Impact..Genetics","driver.snow.pack.change","Decrease",7
"1137","X2.12.Impact..Genetics","driver.snow.pack.change","Complex",11
"1138","X2.12.Impact..Land.Use.Loss","driver.snow.pack.change","Increase",23
"1139","X2.12.Impact..Land.Use.Loss","driver.snow.pack.change","Decrease",5
"1140","X2.12.Impact..Land.Use.Loss","driver.snow.pack.change","Complex",2
"1141","X2.12.Impact..Land.Use.Restore","driver.snow.pack.change","Increase",5
"1142","X2.12.Impact..Land.Use.Restore","driver.snow.pack.change","Decrease",4
"1143","X2.12.Impact..Land.Use.Restore","driver.snow.pack.change","Complex",5
"1144","X2.12.Impact..Urbanization","driver.snow.pack.change","Increase",13
"1145","X2.12.Impact..Urbanization","driver.snow.pack.change","Decrease",1
"1146","X2.12.Impact..Urbanization","driver.snow.pack.change","Complex",1
"1147","X2.12.Impact..Connectivity","driver.snow.pack.change","Increase",6
"1148","X2.12.Impact..Connectivity","driver.snow.pack.change","Decrease",17
"1149","X2.12.Impact..Connectivity","driver.snow.pack.change","Complex",8
"1150","X2.12.Impact..Trophic","driver.snow.pack.change","Increase",12
"1151","X2.12.Impact..Trophic","driver.snow.pack.change","Decrease",1
"1152","X2.12.Impact..Trophic","driver.snow.pack.change","Complex",37
"1153","X2.12.Impact..Indigenous.Knowledge","driver.snow.pack.change","Increase",3
"1154","X2.12.Impact..Indigenous.Knowledge","driver.snow.pack.change","Decrease",3
"1155","X2.12.Impact..Indigenous.Knowledge","driver.snow.pack.change","Complex",8
"1156","X2.12.Impact..Management","driver.snow.pack.change","Increase",10
"1157","X2.12.Impact..Management","driver.snow.pack.change","Decrease",1
"1158","X2.12.Impact..Management","driver.snow.pack.change","Complex",23
"1159","X2.12.Impact..Other","driver.snow.pack.change","Increase",18
"1160","X2.12.Impact..Other","driver.snow.pack.change","Decrease",5
"1161","X2.12.Impact..Other","driver.snow.pack.change","Complex",6
"1162","X2.12.Impact..Abundance","driver.emissions.concentration.change","Increase",21
"1163","X2.12.Impact..Abundance","driver.emissions.concentration.change","Decrease",46
"1164","X2.12.Impact..Abundance","driver.emissions.concentration.change","Complex",46
"1165","X2.12.Impact..Richness","driver.emissions.concentration.change","Increase",9
"1166","X2.12.Impact..Richness","driver.emissions.concentration.change","Decrease",15
"1167","X2.12.Impact..Richness","driver.emissions.concentration.change","Complex",32
"1168","X2.12.Impact..Loss","driver.emissions.concentration.change","Increase",24
"1169","X2.12.Impact..Loss","driver.emissions.concentration.change","Decrease",5
"1170","X2.12.Impact..Loss","driver.emissions.concentration.change","Complex",15
"1171","X2.12.Impact..Disease","driver.emissions.concentration.change","Increase",36
"1172","X2.12.Impact..Disease","driver.emissions.concentration.change","Complex",10
"1173","X2.12.Impact..Invasion","driver.emissions.concentration.change","Increase",42
"1174","X2.12.Impact..Invasion","driver.emissions.concentration.change","Complex",6
"1175","X2.12.Impact..Composition","driver.emissions.concentration.change","Increase",19
"1176","X2.12.Impact..Composition","driver.emissions.concentration.change","Decrease",2
"1177","X2.12.Impact..Composition","driver.emissions.concentration.change","Complex",69
"1178","X2.12.Impact..Genetics","driver.emissions.concentration.change","Increase",2
"1179","X2.12.Impact..Genetics","driver.emissions.concentration.change","Decrease",7
"1180","X2.12.Impact..Genetics","driver.emissions.concentration.change","Complex",11
"1181","X2.12.Impact..Land.Use.Loss","driver.emissions.concentration.change","Increase",23
"1182","X2.12.Impact..Land.Use.Loss","driver.emissions.concentration.change","Decrease",5
"1183","X2.12.Impact..Land.Use.Loss","driver.emissions.concentration.change","Complex",2
"1184","X2.12.Impact..Land.Use.Restore","driver.emissions.concentration.change","Increase",5
"1185","X2.12.Impact..Land.Use.Restore","driver.emissions.concentration.change","Decrease",4
"1186","X2.12.Impact..Land.Use.Restore","driver.emissions.concentration.change","Complex",5
"1187","X2.12.Impact..Urbanization","driver.emissions.concentration.change","Increase",13
"1188","X2.12.Impact..Urbanization","driver.emissions.concentration.change","Decrease",1
"1189","X2.12.Impact..Urbanization","driver.emissions.concentration.change","Complex",1
"1190","X2.12.Impact..Connectivity","driver.emissions.concentration.change","Increase",6
"1191","X2.12.Impact..Connectivity","driver.emissions.concentration.change","Decrease",17
"1192","X2.12.Impact..Connectivity","driver.emissions.concentration.change","Complex",8
"1193","X2.12.Impact..Trophic","driver.emissions.concentration.change","Increase",12
"1194","X2.12.Impact..Trophic","driver.emissions.concentration.change","Decrease",1
"1195","X2.12.Impact..Trophic","driver.emissions.concentration.change","Complex",37
"1196","X2.12.Impact..Indigenous.Knowledge","driver.emissions.concentration.change","Increase",3
"1197","X2.12.Impact..Indigenous.Knowledge","driver.emissions.concentration.change","Decrease",3
"1198","X2.12.Impact..Indigenous.Knowledge","driver.emissions.concentration.change","Complex",8
"1199","X2.12.Impact..Management","driver.emissions.concentration.change","Increase",10
"1200","X2.12.Impact..Management","driver.emissions.concentration.change","Decrease",1
"1201","X2.12.Impact..Management","driver.emissions.concentration.change","Complex",23
"1202","X2.12.Impact..Other","driver.emissions.concentration.change","Increase",18
"1203","X2.12.Impact..Other","driver.emissions.concentration.change","Decrease",5
"1204","X2.12.Impact..Other","driver.emissions.concentration.change","Complex",6
"1205","X2.12.Impact..Abundance","driver.heat.waves","Increase",21
"1206","X2.12.Impact..Abundance","driver.heat.waves","Decrease",46
"1207","X2.12.Impact..Abundance","driver.heat.waves","Complex",46
"1208","X2.12.Impact..Richness","driver.heat.waves","Increase",9
"1209","X2.12.Impact..Richness","driver.heat.waves","Decrease",15
"1210","X2.12.Impact..Richness","driver.heat.waves","Complex",32
"1211","X2.12.Impact..Loss","driver.heat.waves","Increase",24
"1212","X2.12.Impact..Loss","driver.heat.waves","Decrease",5
"1213","X2.12.Impact..Loss","driver.heat.waves","Complex",15
"1214","X2.12.Impact..Disease","driver.heat.waves","Increase",36
"1215","X2.12.Impact..Disease","driver.heat.waves","Complex",10
"1216","X2.12.Impact..Invasion","driver.heat.waves","Increase",42
"1217","X2.12.Impact..Invasion","driver.heat.waves","Complex",6
"1218","X2.12.Impact..Composition","driver.heat.waves","Increase",19
"1219","X2.12.Impact..Composition","driver.heat.waves","Decrease",2
"1220","X2.12.Impact..Composition","driver.heat.waves","Complex",69
"1221","X2.12.Impact..Genetics","driver.heat.waves","Increase",2
"1222","X2.12.Impact..Genetics","driver.heat.waves","Decrease",7
"1223","X2.12.Impact..Genetics","driver.heat.waves","Complex",11
"1224","X2.12.Impact..Land.Use.Loss","driver.heat.waves","Increase",23
"1225","X2.12.Impact..Land.Use.Loss","driver.heat.waves","Decrease",5
"1226","X2.12.Impact..Land.Use.Loss","driver.heat.waves","Complex",2
"1227","X2.12.Impact..Land.Use.Restore","driver.heat.waves","Increase",5
"1228","X2.12.Impact..Land.Use.Restore","driver.heat.waves","Decrease",4
"1229","X2.12.Impact..Land.Use.Restore","driver.heat.waves","Complex",5
"1230","X2.12.Impact..Urbanization","driver.heat.waves","Increase",13
"1231","X2.12.Impact..Urbanization","driver.heat.waves","Decrease",1
"1232","X2.12.Impact..Urbanization","driver.heat.waves","Complex",1
"1233","X2.12.Impact..Connectivity","driver.heat.waves","Increase",6
"1234","X2.12.Impact..Connectivity","driver.heat.waves","Decrease",17
"1235","X2.12.Impact..Connectivity","driver.heat.waves","Complex",8
"1236","X2.12.Impact..Trophic","driver.heat.waves","Increase",12
"1237","X2.12.Impact..Trophic","driver.heat.waves","Decrease",1
"1238","X2.12.Impact..Trophic","driver.heat.waves","Complex",37
"1239","X2.12.Impact..Indigenous.Knowledge","driver.heat.waves","Increase",3
"1240","X2.12.Impact..Indigenous.Knowledge","driver.heat.waves","Decrease",3
"1241","X2.12.Impact..Indigenous.Knowledge","driver.heat.waves","Complex",8
"1242","X2.12.Impact..Management","driver.heat.waves","Increase",10
"1243","X2.12.Impact..Management","driver.heat.waves","Decrease",1
"1244","X2.12.Impact..Management","driver.heat.waves","Complex",23
"1245","X2.12.Impact..Other","driver.heat.waves","Increase",18
"1246","X2.12.Impact..Other","driver.heat.waves","Decrease",5
"1247","X2.12.Impact..Other","driver.heat.waves","Complex",6
"1248","X2.12.Impact..Abundance","driver.natural.disasters","Increase",21
"1249","X2.12.Impact..Abundance","driver.natural.disasters","Decrease",46
"1250","X2.12.Impact..Abundance","driver.natural.disasters","Complex",46
"1251","X2.12.Impact..Richness","driver.natural.disasters","Increase",9
"1252","X2.12.Impact..Richness","driver.natural.disasters","Decrease",15
"1253","X2.12.Impact..Richness","driver.natural.disasters","Complex",32
"1254","X2.12.Impact..Loss","driver.natural.disasters","Increase",24
"1255","X2.12.Impact..Loss","driver.natural.disasters","Decrease",5
"1256","X2.12.Impact..Loss","driver.natural.disasters","Complex",15
"1257","X2.12.Impact..Disease","driver.natural.disasters","Increase",36
"1258","X2.12.Impact..Disease","driver.natural.disasters","Complex",10
"1259","X2.12.Impact..Invasion","driver.natural.disasters","Increase",42
"1260","X2.12.Impact..Invasion","driver.natural.disasters","Complex",6
"1261","X2.12.Impact..Composition","driver.natural.disasters","Increase",19
"1262","X2.12.Impact..Composition","driver.natural.disasters","Decrease",2
"1263","X2.12.Impact..Composition","driver.natural.disasters","Complex",69
"1264","X2.12.Impact..Genetics","driver.natural.disasters","Increase",2
"1265","X2.12.Impact..Genetics","driver.natural.disasters","Decrease",7
"1266","X2.12.Impact..Genetics","driver.natural.disasters","Complex",11
"1267","X2.12.Impact..Land.Use.Loss","driver.natural.disasters","Increase",23
"1268","X2.12.Impact..Land.Use.Loss","driver.natural.disasters","Decrease",5
"1269","X2.12.Impact..Land.Use.Loss","driver.natural.disasters","Complex",2
"1270","X2.12.Impact..Land.Use.Restore","driver.natural.disasters","Increase",5
"1271","X2.12.Impact..Land.Use.Restore","driver.natural.disasters","Decrease",4
"1272","X2.12.Impact..Land.Use.Restore","driver.natural.disasters","Complex",5
"1273","X2.12.Impact..Urbanization","driver.natural.disasters","Increase",13
"1274","X2.12.Impact..Urbanization","driver.natural.disasters","Decrease",1
"1275","X2.12.Impact..Urbanization","driver.natural.disasters","Complex",1
"1276","X2.12.Impact..Connectivity","driver.natural.disasters","Increase",6
"1277","X2.12.Impact..Connectivity","driver.natural.disasters","Decrease",17
"1278","X2.12.Impact..Connectivity","driver.natural.disasters","Complex",8
"1279","X2.12.Impact..Trophic","driver.natural.disasters","Increase",12
"1280","X2.12.Impact..Trophic","driver.natural.disasters","Decrease",1
"1281","X2.12.Impact..Trophic","driver.natural.disasters","Complex",37
"1282","X2.12.Impact..Indigenous.Knowledge","driver.natural.disasters","Increase",3
"1283","X2.12.Impact..Indigenous.Knowledge","driver.natural.disasters","Decrease",3
"1284","X2.12.Impact..Indigenous.Knowledge","driver.natural.disasters","Complex",8
"1285","X2.12.Impact..Management","driver.natural.disasters","Increase",10
"1286","X2.12.Impact..Management","driver.natural.disasters","Decrease",1
"1287","X2.12.Impact..Management","driver.natural.disasters","Complex",23
"1288","X2.12.Impact..Other","driver.natural.disasters","Increase",18
"1289","X2.12.Impact..Other","driver.natural.disasters","Decrease",5
"1290","X2.12.Impact..Other","driver.natural.disasters","Complex",6
