"","impact","ID_DOI_by_Flow","X2.1.Flow.Type","X2.2.Subtype","DOI","direction","impact.group"
"1","Abundance",3,"Human movement","displacement","10.1007/s10113-024-02212-9","Decrease","good"
"2","Abundance",6,"Biotic","biome-shift","10.1002/ppp3.10500","Decrease","good"
"3","Abundance",8,"Physical","sea ice retreat","10.1139/Z11-021","Decrease","good"
"4","Abundance",10,"Biotic","migration","10.1016/j.rama.2023.07.002","Decrease","good"
"5","Abundance",11,"Biotic","migration","doi: 10.3354/cr01238","Complex change","good"
"6","Abundance",12,"Biotic","range-shift","10.1016/S0065-2504(04)35010-5","Complex change","good"
"7","Abundance",14,"Biotic","migration","10.1525/cond.2009.080096","Complex change","good"
"8","Abundance",20,"Biotic","migration","10.1650/CONDOR-17-20.1","Decrease","good"
"9","Abundance",22,"Biotic","biome-shift","10.1111/gcb.16770","Complex change","good"
"10","Abundance",23,"Physical","glacial melt","10.1002/hyp.7162","Increase","good"
"11","Abundance",24,"Biotic","migration","10.1890/09-0395.1","Complex change","good"
"12","Abundance",25,"Biotic","migration","10.1016/j.envint.2018.06.018","Complex change","good"
"13","Abundance",25,"Biotic","disease spread","10.1016/j.envint.2018.06.018","Complex change","good"
"14","Abundance",31,"Physical","snow melt runoff","https://onlinelibrary.wiley.com/doi/10.1002/hyp.8367","Decrease","good"
"15","Abundance",33,"Biotic","range-shift","10.1007/s00300-023-03133-9","Complex change","good"
"16","Abundance",42,"Biotic","range-shift","10.1038/s41579-023-00900-7","Increase","good"
"17","Abundance",43,"Biotic","range-shift","10.2737/NRS-GTR-99","Complex change","good"
"18","Abundance",44,"Biotic","range-shift","http://dx.doi.org/10.1007/s11295-024-01645-x	","Increase","good"
"19","Abundance",46,"Sociocultural","governance","10.5751/ES-08879-220131","Decrease","good"
"20","Abundance",52,"Biotic","range-shift","10.1111/jbi.13465","Complex change","good"
"21","Abundance",53,"Biotic","range-shift","https://doi.org/10.1177/194008291600900111","Decrease","good"
"22","Abundance",54,"Biotic","disease spread","http://dx.doi.org/10.14745/ccdr.v45i04a04","Increase","good"
"23","Abundance",56,"Biotic","disease spread","10.1016/j.foreco.2018.02.049	","Increase","good"
"24","Abundance",57,"Biotic","migration","https://doi.org/10.1080/23308249.2024.2341023","Decrease","good"
"25","Abundance",58,"Biotic","range-shift","dx.doi.org/10.1139/cjz-2019-0207","Complex change","good"
"26","Abundance",60,"Biotic","disease spread","10.1002/ecs2.4376	","Increase","good"
"27","Abundance",61,"Biotic","disease spread","http://dx.doi.org/10.3390/ijerph19020893","Increase","good"
"28","Abundance",65,"Biotic","disease spread","http://dx.doi.org/10.3390/pathogens9070589	","Increase","good"
"29","Abundance",68,"Physical","surface water quantity","10.1139/er-2022-0114	","Increase","good"
"30","Abundance",70,"Biotic","disease spread","10.5424/fs/2012212-02230	","Complex change","good"
"31","Abundance",71,"Biotic","disease spread","http://dx.doi.org/10.24321/0019.5138.202021	","Complex change","good"
"32","Abundance",72,"Biotic","range-shift","https://doi.org/10.1111/j.1523-1739.2008.00950.x","Increase","good"
"33","Abundance",77,"Biotic","disease spread","10.1641/B581007	","Complex change","good"
"34","Abundance",79,"Biotic","disease spread","10.1111/j.1439-0329.2010.00656.x","Complex change","good"
"35","Abundance",79,"Biotic","range-shift","10.1111/j.1439-0329.2010.00656.x","Complex change","good"
"36","Abundance",80,"Biotic","range-shift","10.1111/j.1466-8238.2009.00519.x	","Complex change","good"
"37","Abundance",84,"Biotic","range-shift","10.3133/ofr20201125","Decrease","good"
"38","Abundance",85,"Biotic","migration","10.3389/fevo.2019.00099","Decrease","good"
"39","Abundance",87,"Physical","wildfire","https://doi.org/10.1002/ece3.8026","Decrease","good"
"40","Abundance",88,"Biotic","range-shift","https://doi.org/10.1111/eva.13223","Decrease","good"
"41","Abundance",88,"Biotic","gene flow","https://doi.org/10.1111/eva.13223","Decrease","good"
"42","Abundance",90,"Biotic","range-shift","https://doi.org/10.1111/mam.12284","Decrease","good"
"43","Abundance",91,"Sociocultural","governance","Anderson, K.; 2022; Food Policy","Complex change","good"
"44","Abundance",100,"Biotic","disease spread","10.1089/vbz.2023.0152	","Increase","good"
"45","Abundance",102,"Physical","surface water quantity","https://doi.org/10.1016/j.jhydrol.2019.124360","Complex change","good"
"46","Abundance",103,"Biotic","range-shift","DOI: 10.1111/fwb.13570","Complex change","good"
"47","Abundance",105,"Physical","wind","https://www.taylorfrancis.com/chapters/edit/10.1201/9781315226781-33/environmental-evaluation-lessons-learned-case-studies-bosun-banjoko-saeid-eslamian","Decrease","good"
"48","Abundance",108,"Physical","wildfire","https://doi.org/10.1177/1178622120950272","Complex change","good"
"49","Abundance",115,"Physical","surface water quantity","10.1002/wcc.588","Decrease","good"
"50","Abundance",117,"Biotic","range-shift","10.5751/ES-11988-250443","Complex change","good"
"51","Abundance",119,"Biotic","range-shift","https://research.fs.usda.gov/treesearch/54139","Decrease","good"
"52","Abundance",127,"Biotic","range-shift","10.1016/j.scitotenv.2021.145788","Decrease","good"
"53","Abundance",129,"Biotic","disease spread","https://doi.org/10.3390/pathogens12070937","Decrease","good"
"54","Abundance",132,"Biotic","disease spread","https://research.fs.usda.gov/treesearch/54577","Decrease","good"
"55","Abundance",133,"Biotic","range-shift","10.1579/0044-7447(2006)35[381:AOOEOC]2.0.CO;2","Complex change","good"
"56","Abundance",136,"Physical","surface water quantity","https://doi.org/10.1579/0044-7447(2006)35[160:CEOCWA]2.0.CO;2","Complex change","good"
"57","Abundance",138,"Biotic","range-shift","https://doi.org/10.1007/s10530-020-02244-2","Complex change","good"
"58","Abundance",141,"Biotic","range-shift","10.1111/gcb.14957","Decrease","good"
"59","Abundance",143,"Biotic","disease spread","10.1186/s13071-023-05887-x	","Increase","good"
"60","Abundance",150,"Biotic","migration","10.1017/S0959270908000439","Decrease","good"
"61","Abundance",151,"Biotic","migration","10.3390/insects15010040","Decrease","good"
"62","Abundance",152,"Biotic","migration","10.1111/faf.12536","Complex change","good"
"63","Abundance",153,"Biotic","disease spread","https://doi.org/10.1016/j.foreco.2018.03.011","Decrease","good"
"64","Abundance",154,"Biotic","migration","10.3390/f8040115","Complex change","good"
"65","Abundance",155,"Biotic","range-shift","10.1111/fwb.13873","Increase","good"
"66","Abundance",163,"Biotic","range-shift","https://doi.org/10.1139/X08-171","Decrease","good"
"67","Abundance",165,"Biotic","range-shift","https://ajph.aphapublications.org/doi/full/10.2105/AJPH.2011.300520","Decrease","good"
"68","Abundance",167,"Biotic","range-shift","10.1146/annurev-ecolsys-102710-145015","Decrease","good"
"69","Abundance",168,"Physical","sea ice retreat","http://dx.doi.org/10.1016/j.pocean.2015.07.011","Complex change","good"
"70","Abundance",169,"Biotic","range-shift","10.1007/978-1-4419-8692-4_4","Decrease","good"
"71","Abundance",172,"Biotic","range-shift","10.1894/0038-4909-65.2.161","Decrease","good"
"72","Abundance",173,"Biotic","range-shift","10.7717/peerj.11","Complex change","good"
"73","Abundance",175,"Biotic","range-shift","10.1126/science.aai9214","Decrease","good"
"74","Abundance",176,"Biotic","range-shift","10.1139/er-2017-0046","Decrease","good"
"75","Abundance",178,"Biotic","biome-shift","https://doi.org/10.1139/cjfr-2022-0282","Complex change","good"
"76","Abundance",185,"Biotic","range-shift","https://doi.org/10.1002/ece3.10277","Complex change","good"
"77","Abundance",186,"Physical","glacial melt","doi:10.1093/biosci/biaa015","Complex change","good"
"78","Abundance",187,"Sociocultural","knowledge transfer","10.1007/s10113-024-02212-9","Decrease","good"
"79","Abundance",188,"Sociocultural","knowledge transfer","10.1002/ppp3.10500","Decrease","good"
"80","Abundance",190,"Physical","surface water quantity","10.1007/s10584-015-1355-9	","Decrease","good"
"81","Abundance",195,"Biotic","migration","10.3133/ofr20201125","Decrease","good"
"82","Abundance",196,"Biotic","migration","https://doi.org/10.1002/ece3.8026","Decrease","good"
"83","Abundance",197,"Physical","wildfire","https://doi.org/10.1016/j.jhydrol.2019.124360","Complex change","good"
"84","Abundance",201,"Biotic","range-shift","https://research.fs.usda.gov/treesearch/54139","Decrease","good"
"85","Abundance",207,"Biotic","gene flow","10.1111/j.1744-7917.2010.01367.x","Complex change","good"
"86","Abundance",210,"Biotic","gene flow","10.1894/0038-4909-65.2.161","Decrease","good"
"87","Abundance",211,"Physical","ocean current","10.1007/BF02691304","Decrease","good"
"88","Abundance",212,"Biotic","range-shift","https://doi.org/10.1139/cjfr-2022-0282","Decrease","good"
"89","Abundance",213,"Biotic","disease spread","10.3389/fpubh.2021.627654","Decrease","good"
"90","Abundance",216,"Biotic","range-shift","doi:10.1093/biosci/biaa015","Complex change","good"
"91","Abundance",218,"Physical","glacial melt","10.1007/s10584-015-1355-9	","Complex change","good"
"92","Abundance",222,"Biotic","biome-shift","https://doi.org/10.1177/1178622120950272","Complex change","good"
"93","Abundance",223,"Sociocultural","knowledge transfer","https://doi.org/10.1139/cjfr-2022-0282","Decrease","good"
"94","Abundance",229,"Sociocultural","knowledge transfer","https://doi.org/10.1139/cjfr-2022-0282","Decrease","good"
"95","Abundance",233,"Sociocultural","knowledge transfer","DOI: 10.1111/fwb.13570","Complex change","good"
"96","Abundance",76,"Sociocultural","governance","10.1111/gcb.16109","Increase","good"
"97","Abundance",76,"Sociocultural","diplomatic/financial aid","10.1111/gcb.16109","Increase","good"
"98","Abundance",134,"Physical","surface water quantity","https://doi.org/10.1002/ieam.1360","Increase","good"
"99","Abundance",135,"Physical","groundwater","https://doi.org/10.1002/ieam.1360","Increase","good"
"100","Composition",3,"Human movement","displacement","10.1007/s10113-024-02212-9","Complex change","neutral"
"101","Composition",9,"Biotic","range-shift","https://doi.org/10.3390/f11111176","Increase","neutral"
"102","Composition",10,"Biotic","migration","10.1016/j.rama.2023.07.002","Complex change","neutral"
"103","Composition",11,"Biotic","migration","doi: 10.3354/cr01238","Complex change","neutral"
"104","Composition",12,"Biotic","range-shift","10.1016/S0065-2504(04)35010-5","Complex change","neutral"
"105","Composition",13,"Biotic","migration","10.1007/s10641-023-01449-3","Complex change","neutral"
"106","Composition",14,"Biotic","migration","10.1525/cond.2009.080096","Complex change","neutral"
"107","Composition",20,"Biotic","migration","10.1650/CONDOR-17-20.1","Complex change","neutral"
"108","Composition",22,"Biotic","biome-shift","10.1111/gcb.16770","Complex change","neutral"
"109","Composition",24,"Biotic","migration","10.1890/09-0395.1","Complex change","neutral"
"110","Composition",25,"Biotic","migration","10.1016/j.envint.2018.06.018","Complex change","neutral"
"111","Composition",25,"Biotic","disease spread","10.1016/j.envint.2018.06.018","Complex change","neutral"
"112","Composition",29,"Physical","wildfire","http://dx.doi.org/10.1139/a97-008	","Increase","neutral"
"113","Composition",31,"Physical","snow melt runoff","https://onlinelibrary.wiley.com/doi/10.1002/hyp.8367","Complex change","neutral"
"114","Composition",33,"Biotic","range-shift","10.1007/s00300-023-03133-9","Complex change","neutral"
"115","Composition",34,"Physical","wildfire","10.1016/S0048-9697(00)00524-6","Increase","neutral"
"116","Composition",39,"Biotic","range-shift","10.1007/s10531-013-0525-1	","Complex change","neutral"
"117","Composition",40,"Biotic","range-shift","10.1111/gcb.16111","Complex change","neutral"
"118","Composition",42,"Biotic","range-shift","10.1038/s41579-023-00900-7","Increase","neutral"
"119","Composition",43,"Biotic","range-shift","10.2737/NRS-GTR-99","Complex change","neutral"
"120","Composition",44,"Biotic","range-shift","http://dx.doi.org/10.1007/s11295-024-01645-x	","Complex change","neutral"
"121","Composition",47,"Biotic","range-shift","10.1002/eco.259	","Complex change","neutral"
"122","Composition",52,"Biotic","range-shift","10.1111/jbi.13465","Complex change","neutral"
"123","Composition",54,"Biotic","disease spread","http://dx.doi.org/10.14745/ccdr.v45i04a04","Complex change","neutral"
"124","Composition",56,"Biotic","disease spread","10.1016/j.foreco.2018.02.049	","Increase","neutral"
"125","Composition",61,"Biotic","disease spread","http://dx.doi.org/10.3390/ijerph19020893","Increase","neutral"
"126","Composition",65,"Biotic","disease spread","http://dx.doi.org/10.3390/pathogens9070589	","Complex change","neutral"
"127","Composition",68,"Physical","surface water quantity","10.1139/er-2022-0114	","Increase","neutral"
"128","Composition",70,"Biotic","disease spread","10.5424/fs/2012212-02230	","Complex change","neutral"
"129","Composition",72,"Biotic","range-shift","https://doi.org/10.1111/j.1523-1739.2008.00950.x","Complex change","neutral"
"130","Composition",75,"Biotic","range-shift","10.1016/j.jembe.2011.02.020	","No change (measured)","neutral"
"131","Composition",79,"Biotic","disease spread","10.1111/j.1439-0329.2010.00656.x","Complex change","neutral"
"132","Composition",79,"Biotic","range-shift","10.1111/j.1439-0329.2010.00656.x","Complex change","neutral"
"133","Composition",80,"Biotic","range-shift","10.1111/j.1466-8238.2009.00519.x	","Complex change","neutral"
"134","Composition",81,"Biotic","range-shift","10.12933/therya-19-749","Increase","neutral"
"135","Composition",85,"Biotic","migration","10.3389/fevo.2019.00099","No change (measured)","neutral"
"136","Composition",94,"Physical","surface water quantity","https://www.researchgate.net/profile/Jan-Ciborowski/publication/352652269_An_ecosystem_health_assessment_of_the_Detroit_River_and_western_Lake_Erie/links/60e936321c28af3458598682/An-ecosystem-health-assessment-of-the-Detroit-River-and-western-Lake-Erie.pdf","Complex change","neutral"
"137","Composition",96,"Physical","nutrient and sediment flow","https://iwaponline.com/wqrj/article/55/1/1/69781/A-global-scan-of-how-the-issue-of-nutrient-loading","Increase","neutral"
"138","Composition",102,"Physical","surface water quantity","https://doi.org/10.1016/j.jhydrol.2019.124360","Complex change","neutral"
"139","Composition",108,"Physical","wildfire","https://doi.org/10.1177/1178622120950272","Complex change","neutral"
"140","Composition",111,"Physical","pollution flow","https://doi.org/10.1016/j.earscirev.2020.103446","Complex change","neutral"
"141","Composition",117,"Biotic","range-shift","10.5751/ES-11988-250443","Complex change","neutral"
"142","Composition",123,"Biotic","range-shift","https://doi.org/10.1007/s11629-020-6221-1","No change (measured)","neutral"
"143","Composition",124,"Biotic","biome-shift","https://doi.org/10.1016/j.foreco.2011.05.004","Increase","neutral"
"144","Composition",125,"Sociocultural","knowledge transfer","https://doi.org/10.1016/j.foreco.2023.120854","Complex change","neutral"
"145","Composition",126,"Biotic","gene flow","https://doi.org/10.1016/j.foreco.2023.120854","Complex change","neutral"
"146","Composition",127,"Biotic","range-shift","10.1016/j.scitotenv.2021.145788","Complex change","neutral"
"147","Composition",132,"Biotic","disease spread","https://research.fs.usda.gov/treesearch/54577","Increase","neutral"
"148","Composition",133,"Biotic","range-shift","10.1579/0044-7447(2006)35[381:AOOEOC]2.0.CO;2","Complex change","neutral"
"149","Composition",137,"Sociocultural","knowledge transfer","https://doi.org/10.1139/er-2022-0130","Complex change","neutral"
"150","Composition",138,"Biotic","range-shift","https://doi.org/10.1007/s10530-020-02244-2","Complex change","neutral"
"151","Composition",140,"Biotic","range-shift","https://doi.org/10.1111/j.1749-8198.2010.00342.x","Complex change","neutral"
"152","Composition",141,"Biotic","range-shift","10.1111/gcb.14957","Complex change","neutral"
"153","Composition",152,"Biotic","migration","10.1111/faf.12536","Complex change","neutral"
"154","Composition",155,"Biotic","range-shift","10.1111/fwb.13873","Complex change","neutral"
"155","Composition",156,"Physical","pollution flow","https://doi.org/10.1016/j.scitotenv.2024.171490","Complex change","neutral"
"156","Composition",159,"Biotic","range-shift","10.1111/j.1744-7917.2010.01367.x","Complex change","neutral"
"157","Composition",163,"Biotic","range-shift","https://doi.org/10.1139/X08-171","Complex change","neutral"
"158","Composition",167,"Biotic","range-shift","10.1146/annurev-ecolsys-102710-145015","Complex change","neutral"
"159","Composition",168,"Physical","sea ice retreat","http://dx.doi.org/10.1016/j.pocean.2015.07.011","Increase","neutral"
"160","Composition",169,"Biotic","range-shift","10.1007/978-1-4419-8692-4_4","Complex change","neutral"
"161","Composition",173,"Biotic","range-shift","10.7717/peerj.11","Complex change","neutral"
"162","Composition",175,"Biotic","range-shift","10.1126/science.aai9214","Complex change","neutral"
"163","Composition",185,"Biotic","range-shift","https://doi.org/10.1002/ece3.10277","Increase","neutral"
"164","Composition",186,"Physical","glacial melt","doi:10.1093/biosci/biaa015","Complex change","neutral"
"165","Composition",187,"Sociocultural","knowledge transfer","10.1007/s10113-024-02212-9","Complex change","neutral"
"166","Composition",188,"Sociocultural","knowledge transfer","10.1002/ppp3.10500","Complex change","neutral"
"167","Composition",192,"Biotic","range-shift","http://dx.doi.org/10.1139/a97-008	","Increase","neutral"
"168","Composition",197,"Physical","wildfire","https://doi.org/10.1016/j.jhydrol.2019.124360","Complex change","neutral"
"169","Composition",201,"Biotic","range-shift","https://research.fs.usda.gov/treesearch/54139","Decrease","neutral"
"170","Composition",207,"Biotic","gene flow","10.1111/j.1744-7917.2010.01367.x","Complex change","neutral"
"171","Composition",211,"Physical","ocean current","10.1007/BF02691304","Decrease","neutral"
"172","Composition",216,"Biotic","range-shift","doi:10.1093/biosci/biaa015","Complex change","neutral"
"173","Composition",218,"Physical","glacial melt","10.1007/s10584-015-1355-9	","Complex change","neutral"
"174","Composition",229,"Sociocultural","knowledge transfer","https://doi.org/10.1139/cjfr-2022-0282","Complex change","neutral"
"175","Composition",233,"Sociocultural","knowledge transfer","DOI: 10.1111/fwb.13570","Complex change","neutral"
"176","Composition",134,"Physical","surface water quantity","https://doi.org/10.1002/ieam.1360","Increase","neutral"
"177","Composition",135,"Physical","groundwater","https://doi.org/10.1002/ieam.1360","Increase","neutral"
"178","Connectivity",1,"Human movement","displacement","10.1177/01979183221074343","Decrease","good"
"179","Connectivity",3,"Human movement","displacement","10.1007/s10113-024-02212-9","Decrease","good"
"180","Connectivity",6,"Biotic","biome-shift","10.1002/ppp3.10500","Decrease","good"
"181","Connectivity",10,"Biotic","migration","10.1016/j.rama.2023.07.002","Decrease","good"
"182","Connectivity",14,"Biotic","migration","10.1525/cond.2009.080096","Complex change","good"
"183","Connectivity",20,"Biotic","migration","10.1650/CONDOR-17-20.1","Decrease","good"
"184","Connectivity",24,"Biotic","migration","10.1890/09-0395.1","Complex change","good"
"185","Connectivity",25,"Biotic","migration","10.1016/j.envint.2018.06.018","Complex change","good"
"186","Connectivity",25,"Biotic","disease spread","10.1016/j.envint.2018.06.018","Complex change","good"
"187","Connectivity",29,"Physical","wildfire","http://dx.doi.org/10.1139/a97-008	","Decrease","good"
"188","Connectivity",46,"Sociocultural","governance","10.5751/ES-08879-220131","Decrease","good"
"189","Connectivity",54,"Biotic","disease spread","http://dx.doi.org/10.14745/ccdr.v45i04a04","No change (measured)","good"
"190","Connectivity",57,"Biotic","migration","https://doi.org/10.1080/23308249.2024.2341023","Complex change","good"
"191","Connectivity",58,"Biotic","range-shift","dx.doi.org/10.1139/cjz-2019-0207","Increase","good"
"192","Connectivity",90,"Biotic","range-shift","https://doi.org/10.1111/mam.12284","Decrease","good"
"193","Connectivity",102,"Physical","surface water quantity","https://doi.org/10.1016/j.jhydrol.2019.124360","Complex change","good"
"194","Connectivity",136,"Physical","surface water quantity","https://doi.org/10.1579/0044-7447(2006)35[160:CEOCWA]2.0.CO;2","Decrease","good"
"195","Connectivity",150,"Biotic","migration","10.1017/S0959270908000439","Decrease","good"
"196","Connectivity",155,"Biotic","range-shift","10.1111/fwb.13873","Complex change","good"
"197","Connectivity",159,"Biotic","range-shift","10.1111/j.1744-7917.2010.01367.x","Complex change","good"
"198","Connectivity",168,"Physical","sea ice retreat","http://dx.doi.org/10.1016/j.pocean.2015.07.011","Increase","good"
"199","Connectivity",169,"Biotic","range-shift","10.1007/978-1-4419-8692-4_4","Decrease","good"
"200","Connectivity",173,"Biotic","range-shift","10.7717/peerj.11","Decrease","good"
"201","Connectivity",175,"Biotic","range-shift","10.1126/science.aai9214","Decrease","good"
"202","Connectivity",187,"Sociocultural","knowledge transfer","10.1007/s10113-024-02212-9","Decrease","good"
"203","Connectivity",188,"Sociocultural","knowledge transfer","10.1002/ppp3.10500","Decrease","good"
"204","Connectivity",192,"Biotic","range-shift","http://dx.doi.org/10.1139/a97-008	","Decrease","good"
"205","Connectivity",201,"Biotic","range-shift","https://research.fs.usda.gov/treesearch/54139","Increase","good"
"206","Connectivity",207,"Biotic","gene flow","10.1111/j.1744-7917.2010.01367.x","Complex change","good"
"207","Connectivity",210,"Biotic","gene flow","10.1894/0038-4909-65.2.161","Decrease","good"
"208","Connectivity",76,"Sociocultural","governance","10.1111/gcb.16109","Increase","good"
"209","Connectivity",76,"Sociocultural","diplomatic/financial aid","10.1111/gcb.16109","Increase","good"
"210","Disease",10,"Biotic","migration","10.1016/j.rama.2023.07.002","No change (measured)","bad"
"211","Disease",12,"Biotic","range-shift","10.1016/S0065-2504(04)35010-5","Complex change","bad"
"212","Disease",25,"Biotic","migration","10.1016/j.envint.2018.06.018","Increase","bad"
"213","Disease",25,"Biotic","disease spread","10.1016/j.envint.2018.06.018","Increase","bad"
"214","Disease",45,"Biotic","range-shift","10.1002/arch.21327","Complex change","bad"
"215","Disease",54,"Biotic","disease spread","http://dx.doi.org/10.14745/ccdr.v45i04a04","Increase","bad"
"216","Disease",56,"Biotic","disease spread","10.1016/j.foreco.2018.02.049	","Increase","bad"
"217","Disease",59,"Biotic","disease spread","doi: 10.14745/ccdr.v45i04a01","Increase","bad"
"218","Disease",60,"Biotic","disease spread","10.1002/ecs2.4376	","Increase","bad"
"219","Disease",61,"Biotic","disease spread","http://dx.doi.org/10.3390/ijerph19020893","Increase","bad"
"220","Disease",63,"Biotic","disease spread","https://doi.org/10.3389/fpubh.2023.1018293","Increase","bad"
"221","Disease",64,"Biotic","disease spread","https://doi.org/10.3390/v14071531","Increase","bad"
"222","Disease",65,"Biotic","disease spread","http://dx.doi.org/10.3390/pathogens9070589	","Increase","bad"
"223","Disease",71,"Biotic","disease spread","http://dx.doi.org/10.24321/0019.5138.202021	","Increase","bad"
"224","Disease",77,"Biotic","disease spread","10.1641/B581007	","Increase","bad"
"225","Disease",78,"Biotic","disease spread","10.1007/s40121-022-00647-3	","Increase","bad"
"226","Disease",81,"Biotic","range-shift","10.12933/therya-19-749","Increase","bad"
"227","Disease",82,"Biotic","disease spread","10.3390/insects12030225","Complex change","bad"
"228","Disease",85,"Biotic","migration","10.3389/fevo.2019.00099","No change (measured)","bad"
"229","Disease",100,"Biotic","disease spread","10.1089/vbz.2023.0152	","Increase","bad"
"230","Disease",107,"Biotic","range-shift","10.1016/j.ttbdis.2023.102286","Increase","bad"
"231","Disease",119,"Biotic","range-shift","https://research.fs.usda.gov/treesearch/54139","Increase","bad"
"232","Disease",129,"Biotic","disease spread","https://doi.org/10.3390/pathogens12070937","Increase","bad"
"233","Disease",131,"Biotic","range-shift","https://doi.org/10.1007/s11356-020-08896-w","Increase","bad"
"234","Disease",132,"Biotic","disease spread","https://research.fs.usda.gov/treesearch/54577","Increase","bad"
"235","Disease",139,"Biotic","disease spread","https://doi.org/10.3390/microorganisms9112317","Increase","bad"
"236","Disease",141,"Biotic","range-shift","10.1111/gcb.14957","Increase","bad"
"237","Disease",142,"Biotic","disease spread","https://doi.org/10.1093/mmy/myx037","Increase","bad"
"238","Disease",143,"Biotic","disease spread","10.1186/s13071-023-05887-x	","Increase","bad"
"239","Disease",158,"Biotic","disease spread","10.3390/microorganisms9122412","Increase","bad"
"240","Disease",164,"Biotic","disease spread","https://doi.org/10.3390/ijerph15030478","Increase","bad"
"241","Disease",165,"Biotic","range-shift","https://ajph.aphapublications.org/doi/full/10.2105/AJPH.2011.300520","Increase","bad"
"242","Disease",167,"Biotic","range-shift","10.1146/annurev-ecolsys-102710-145015","Complex change","bad"
"243","Disease",172,"Biotic","range-shift","10.1894/0038-4909-65.2.161","No change (measured)","bad"
"244","Disease",173,"Biotic","range-shift","10.7717/peerj.11","Increase","bad"
"245","Disease",175,"Biotic","range-shift","10.1126/science.aai9214","Increase","bad"
"246","Disease",179,"Biotic","disease spread","10.3389/fpubh.2021.627654","Complex change","bad"
"247","Disease",207,"Biotic","gene flow","10.1111/j.1744-7917.2010.01367.x","No change (measured)","bad"
"248","Disease",209,"Biotic","range-shift","https://doi.org/10.3390/ijerph15030478","Increase","bad"
"249","Disease",213,"Biotic","disease spread","10.3389/fpubh.2021.627654","Increase","bad"
"250","Disease",224,"Sociocultural","knowledge transfer","10.3389/fpubh.2021.627654","Increase","bad"
"251","Disease",230,"Biotic","disease spread","10.3389/fpubh.2021.627654","Increase","bad"
"252","Genetics",10,"Biotic","migration","10.1016/j.rama.2023.07.002","No change (measured)","neutral"
"253","Genetics",54,"Biotic","disease spread","http://dx.doi.org/10.14745/ccdr.v45i04a04","No change (measured)","neutral"
"254","Genetics",56,"Biotic","disease spread","10.1016/j.foreco.2018.02.049	","Complex change","neutral"
"255","Genetics",57,"Biotic","migration","https://doi.org/10.1080/23308249.2024.2341023","Complex change","neutral"
"256","Genetics",65,"Biotic","disease spread","http://dx.doi.org/10.3390/pathogens9070589	","Complex change","neutral"
"257","Genetics",84,"Biotic","range-shift","10.3133/ofr20201125","No change (measured)","neutral"
"258","Genetics",85,"Biotic","migration","10.3389/fevo.2019.00099","No change (measured)","neutral"
"259","Genetics",88,"Biotic","range-shift","https://doi.org/10.1111/eva.13223","Complex change","neutral"
"260","Genetics",88,"Biotic","gene flow","https://doi.org/10.1111/eva.13223","Complex change","neutral"
"261","Genetics",125,"Sociocultural","knowledge transfer","https://doi.org/10.1016/j.foreco.2023.120854","Increase","neutral"
"262","Genetics",126,"Biotic","gene flow","https://doi.org/10.1016/j.foreco.2023.120854","Increase","neutral"
"263","Genetics",127,"Biotic","range-shift","10.1016/j.scitotenv.2021.145788","Complex change","neutral"
"264","Genetics",132,"Biotic","disease spread","https://research.fs.usda.gov/treesearch/54577","Decrease","neutral"
"265","Genetics",159,"Biotic","range-shift","10.1111/j.1744-7917.2010.01367.x","Complex change","neutral"
"266","Genetics",169,"Biotic","range-shift","10.1007/978-1-4419-8692-4_4","Decrease","neutral"
"267","Genetics",172,"Biotic","range-shift","10.1894/0038-4909-65.2.161","Decrease","neutral"
"268","Genetics",173,"Biotic","range-shift","10.7717/peerj.11","Complex change","neutral"
"269","Genetics",175,"Biotic","range-shift","10.1126/science.aai9214","Decrease","neutral"
"270","Genetics",185,"Biotic","range-shift","https://doi.org/10.1002/ece3.10277","Decrease","neutral"
"271","Genetics",195,"Biotic","migration","10.3133/ofr20201125","Decrease","neutral"
"272","Genetics",207,"Biotic","gene flow","10.1111/j.1744-7917.2010.01367.x","Complex change","neutral"
"273","Genetics",210,"Biotic","gene flow","10.1894/0038-4909-65.2.161","Decrease","neutral"
"274","Indigenous Knowledge",3,"Human movement","displacement","10.1007/s10113-024-02212-9","Decrease","good"
"275","Indigenous Knowledge",6,"Biotic","biome-shift","10.1002/ppp3.10500","Complex change","good"
"276","Indigenous Knowledge",10,"Biotic","migration","10.1016/j.rama.2023.07.002","No change (measured)","good"
"277","Indigenous Knowledge",26,"Sociocultural","knowledge transfer","https://doi.org/10.3390/genealogy4020051","Increase","good"
"278","Indigenous Knowledge",36,"Sociocultural","governance","https://doi.org/10.4236/jwarp.2018.1011065","Decrease","good"
"279","Indigenous Knowledge",54,"Biotic","disease spread","http://dx.doi.org/10.14745/ccdr.v45i04a04","No change (measured)","good"
"280","Indigenous Knowledge",62,"Sociocultural","knowledge transfer","10.3390/jmse8100739","Increase","good"
"281","Indigenous Knowledge",175,"Biotic","range-shift","10.1126/science.aai9214","Complex change","good"
"282","Indigenous Knowledge",187,"Sociocultural","knowledge transfer","10.1007/s10113-024-02212-9","Decrease","good"
"283","Indigenous Knowledge",188,"Sociocultural","knowledge transfer","10.1002/ppp3.10500","Complex change","good"
"284","Indigenous Knowledge",76,"Sociocultural","governance","10.1111/gcb.16109","Increase","good"
"285","Indigenous Knowledge",76,"Sociocultural","diplomatic/financial aid","10.1111/gcb.16109","Increase","good"
"286","Invasion",2,"Biotic","range-shift","10.1111/1365-2656.12755	","Increase","bad"
"287","Invasion",10,"Biotic","migration","10.1016/j.rama.2023.07.002","Increase","bad"
"288","Invasion",12,"Biotic","range-shift","10.1016/S0065-2504(04)35010-5","Increase","bad"
"289","Invasion",42,"Biotic","range-shift","10.1038/s41579-023-00900-7","Increase","bad"
"290","Invasion",43,"Biotic","range-shift","10.2737/NRS-GTR-99","Complex change","bad"
"291","Invasion",54,"Biotic","disease spread","http://dx.doi.org/10.14745/ccdr.v45i04a04","Increase","bad"
"292","Invasion",59,"Biotic","disease spread","doi: 10.14745/ccdr.v45i04a01","Increase","bad"
"293","Invasion",60,"Biotic","disease spread","10.1002/ecs2.4376	","Increase","bad"
"294","Invasion",61,"Biotic","disease spread","http://dx.doi.org/10.3390/ijerph19020893","Increase","bad"
"295","Invasion",65,"Biotic","disease spread","http://dx.doi.org/10.3390/pathogens9070589	","Complex change","bad"
"296","Invasion",70,"Biotic","disease spread","10.5424/fs/2012212-02230	","Increase","bad"
"297","Invasion",72,"Biotic","range-shift","https://doi.org/10.1111/j.1523-1739.2008.00950.x","Increase","bad"
"298","Invasion",73,"Biotic","range-shift","https://doi.org/10.3389/fmars.2020.617324","Increase","bad"
"299","Invasion",74,"Biotic","disease spread","10.1017/S0031182021001426	","Increase","bad"
"300","Invasion",80,"Biotic","range-shift","10.1111/j.1466-8238.2009.00519.x	","Complex change","bad"
"301","Invasion",84,"Biotic","range-shift","10.3133/ofr20201125","Increase","bad"
"302","Invasion",85,"Biotic","migration","10.3389/fevo.2019.00099","No change (measured)","bad"
"303","Invasion",94,"Physical","surface water quantity","https://www.researchgate.net/profile/Jan-Ciborowski/publication/352652269_An_ecosystem_health_assessment_of_the_Detroit_River_and_western_Lake_Erie/links/60e936321c28af3458598682/An-ecosystem-health-assessment-of-the-Detroit-River-and-western-Lake-Erie.pdf","Increase","bad"
"304","Invasion",96,"Physical","nutrient and sediment flow","https://iwaponline.com/wqrj/article/55/1/1/69781/A-global-scan-of-how-the-issue-of-nutrient-loading","Increase","bad"
"305","Invasion",132,"Biotic","disease spread","https://research.fs.usda.gov/treesearch/54577","Increase","bad"
"306","Invasion",133,"Biotic","range-shift","10.1579/0044-7447(2006)35[381:AOOEOC]2.0.CO;2","Increase","bad"
"307","Invasion",137,"Sociocultural","knowledge transfer","https://doi.org/10.1139/er-2022-0130","Increase","bad"
"308","Invasion",138,"Biotic","range-shift","https://doi.org/10.1007/s10530-020-02244-2","Complex change","bad"
"309","Invasion",141,"Biotic","range-shift","10.1111/gcb.14957","Increase","bad"
"310","Invasion",143,"Biotic","disease spread","10.1186/s13071-023-05887-x	","Increase","bad"
"311","Invasion",152,"Biotic","migration","10.1111/faf.12536","Complex change","bad"
"312","Invasion",155,"Biotic","range-shift","10.1111/fwb.13873","Increase","bad"
"313","Invasion",159,"Biotic","range-shift","10.1111/j.1744-7917.2010.01367.x","Increase","bad"
"314","Invasion",160,"Biotic","range-shift","https://doi.org/10.3390/f8050155","Increase","bad"
"315","Invasion",163,"Biotic","range-shift","https://doi.org/10.1139/X08-171","Increase","bad"
"316","Invasion",167,"Biotic","range-shift","10.1146/annurev-ecolsys-102710-145015","Complex change","bad"
"317","Invasion",168,"Physical","sea ice retreat","http://dx.doi.org/10.1016/j.pocean.2015.07.011","Increase","bad"
"318","Invasion",169,"Biotic","range-shift","10.1007/978-1-4419-8692-4_4","Increase","bad"
"319","Invasion",172,"Biotic","range-shift","10.1894/0038-4909-65.2.161","No change (measured)","bad"
"320","Invasion",173,"Biotic","range-shift","10.7717/peerj.11","Increase","bad"
"321","Invasion",175,"Biotic","range-shift","10.1126/science.aai9214","Increase","bad"
"322","Invasion",180,"Biotic","range-shift","http://dx.doi.org/10.1079/9781780641645.0305","Increase","bad"
"323","Invasion",199,"Biotic","range-shift","https://doi.org/10.1177/1178622120950272","Increase","bad"
"324","Invasion",207,"Biotic","gene flow","10.1111/j.1744-7917.2010.01367.x","Increase","bad"
"325","Habitat Loss",1,"Human movement","displacement","10.1177/01979183221074343","Decrease","bad"
"326","Habitat Loss",6,"Biotic","biome-shift","10.1002/ppp3.10500","Increase","bad"
"327","Habitat Loss",10,"Biotic","migration","10.1016/j.rama.2023.07.002","Increase","bad"
"328","Habitat Loss",14,"Biotic","migration","10.1525/cond.2009.080096","Complex change","bad"
"329","Habitat Loss",15,"Human movement","migration","https://openknowledge.fao.org/server/api/core/bitstreams/24eba882-35e4-4e04-a793-eaab4cd6259c/content","Increase","bad"
"330","Habitat Loss",20,"Biotic","migration","10.1650/CONDOR-17-20.1","Increase","bad"
"331","Habitat Loss",24,"Biotic","migration","10.1890/09-0395.1","Complex change","bad"
"332","Habitat Loss",25,"Biotic","migration","10.1016/j.envint.2018.06.018","Increase","bad"
"333","Habitat Loss",25,"Biotic","disease spread","10.1016/j.envint.2018.06.018","Increase","bad"
"334","Habitat Loss",27,"Human movement","migration","https://seors.unfccc.int/applications/seors/attachments/get_attachment?code=0O0WHMOE2QTBE8DK9QDYJRW08WYOYSCH","Increase","bad"
"335","Habitat Loss",52,"Biotic","range-shift","10.1111/jbi.13465","Increase","bad"
"336","Habitat Loss",53,"Biotic","range-shift","https://doi.org/10.1177/194008291600900111","Increase","bad"
"337","Habitat Loss",54,"Biotic","disease spread","http://dx.doi.org/10.14745/ccdr.v45i04a04","No change (measured)","bad"
"338","Habitat Loss",84,"Biotic","range-shift","10.3133/ofr20201125","Decrease","bad"
"339","Habitat Loss",85,"Biotic","migration","10.3389/fevo.2019.00099","Decrease","bad"
"340","Habitat Loss",90,"Biotic","range-shift","https://doi.org/10.1111/mam.12284","Decrease","bad"
"341","Habitat Loss",98,"Human movement","migration","10.1007/s10290-024-00529-5	","Increase","bad"
"342","Habitat Loss",116,"Physical","surface water quantity","https://doi.org/10.1007/s10584-021-03057-5","Decrease","bad"
"343","Habitat Loss",150,"Biotic","migration","10.1017/S0959270908000439","Increase","bad"
"344","Habitat Loss",173,"Biotic","range-shift","10.7717/peerj.11","Increase","bad"
"345","Habitat Loss",188,"Sociocultural","knowledge transfer","10.1002/ppp3.10500","Increase","bad"
"346","Habitat Loss",195,"Biotic","migration","10.3133/ofr20201125","Increase","bad"
"347","Habitat Loss",210,"Biotic","gene flow","10.1894/0038-4909-65.2.161","Increase","bad"
"348","Habitat Loss",217,"Human movement","relocation","10.1289/ehp.1104375","Increase","bad"
"349","Habitat Loss",220,"Human movement","trade","https://doi.org/10.4236/jwarp.2018.1011065","Increase","bad"
"350","Habitat Loss",231,"Human movement","relocation","https://doi.org/10.4236/jwarp.2018.1011065","Increase","bad"
"351","Habitat Loss",232,"Human movement","relocation","https://doi.org/10.4236/jwarp.2018.1011065","Increase","bad"
"352","Habitat Restoration",10,"Biotic","migration","10.1016/j.rama.2023.07.002","Increase","good"
"353","Habitat Restoration",14,"Biotic","migration","10.1525/cond.2009.080096","Complex change","good"
"354","Habitat Restoration",20,"Biotic","migration","10.1650/CONDOR-17-20.1","Decrease","good"
"355","Habitat Restoration",24,"Biotic","migration","10.1890/09-0395.1","Complex change","good"
"356","Habitat Restoration",40,"Biotic","range-shift","10.1111/gcb.16111","Complex change","good"
"357","Habitat Restoration",54,"Biotic","disease spread","http://dx.doi.org/10.14745/ccdr.v45i04a04","No change (measured)","good"
"358","Habitat Restoration",84,"Biotic","range-shift","10.3133/ofr20201125","Increase","good"
"359","Habitat Restoration",90,"Biotic","range-shift","https://doi.org/10.1111/mam.12284","Decrease","good"
"360","Habitat Restoration",99,"Human movement","migration","10.1111/gec3.12460	","Increase","good"
"361","Habitat Restoration",102,"Physical","surface water quantity","https://doi.org/10.1016/j.jhydrol.2019.124360","Complex change","good"
"362","Habitat Restoration",127,"Biotic","range-shift","10.1016/j.scitotenv.2021.145788","Increase","good"
"363","Habitat Restoration",150,"Biotic","migration","10.1017/S0959270908000439","Complex change","good"
"364","Habitat Restoration",195,"Biotic","migration","10.3133/ofr20201125","Decrease","good"
"365","Habitat Restoration",210,"Biotic","gene flow","10.1894/0038-4909-65.2.161","Decrease","good"
"366","Habitat Restoration",76,"Sociocultural","governance","10.1111/gcb.16109","Increase","good"
"367","Habitat Restoration",76,"Sociocultural","diplomatic/financial aid","10.1111/gcb.16109","Increase","good"
"368","Loss",6,"Biotic","biome-shift","10.1002/ppp3.10500","Increase","bad"
"369","Loss",10,"Biotic","migration","10.1016/j.rama.2023.07.002","Increase","bad"
"370","Loss",12,"Biotic","range-shift","10.1016/S0065-2504(04)35010-5","Complex change","bad"
"371","Loss",14,"Biotic","migration","10.1525/cond.2009.080096","Complex change","bad"
"372","Loss",20,"Biotic","migration","10.1650/CONDOR-17-20.1","Complex change","bad"
"373","Loss",22,"Biotic","biome-shift","10.1111/gcb.16770","Complex change","bad"
"374","Loss",40,"Biotic","range-shift","10.1111/gcb.16111","Complex change","bad"
"375","Loss",42,"Biotic","range-shift","10.1038/s41579-023-00900-7","Increase","bad"
"376","Loss",43,"Biotic","range-shift","10.2737/NRS-GTR-99","Complex change","bad"
"377","Loss",46,"Sociocultural","governance","10.5751/ES-08879-220131","Increase","bad"
"378","Loss",52,"Biotic","range-shift","10.1111/jbi.13465","Increase","bad"
"379","Loss",53,"Biotic","range-shift","https://doi.org/10.1177/194008291600900111","Decrease","bad"
"380","Loss",54,"Biotic","disease spread","http://dx.doi.org/10.14745/ccdr.v45i04a04","No change (measured)","bad"
"381","Loss",75,"Biotic","range-shift","10.1016/j.jembe.2011.02.020	","No change (measured)","bad"
"382","Loss",79,"Biotic","disease spread","10.1111/j.1439-0329.2010.00656.x","Complex change","bad"
"383","Loss",79,"Biotic","range-shift","10.1111/j.1439-0329.2010.00656.x","Complex change","bad"
"384","Loss",80,"Biotic","range-shift","10.1111/j.1466-8238.2009.00519.x	","Complex change","bad"
"385","Loss",82,"Biotic","disease spread","10.3390/insects12030225","Complex change","bad"
"386","Loss",85,"Biotic","migration","10.3389/fevo.2019.00099","No change (measured)","bad"
"387","Loss",88,"Biotic","range-shift","https://doi.org/10.1111/eva.13223","Increase","bad"
"388","Loss",88,"Biotic","gene flow","https://doi.org/10.1111/eva.13223","Increase","bad"
"389","Loss",90,"Biotic","range-shift","https://doi.org/10.1111/mam.12284","Decrease","bad"
"390","Loss",102,"Physical","surface water quantity","https://doi.org/10.1016/j.jhydrol.2019.124360","No change (measured)","bad"
"391","Loss",103,"Biotic","range-shift","DOI: 10.1111/fwb.13570","Complex change","bad"
"392","Loss",117,"Biotic","range-shift","10.5751/ES-11988-250443","Complex change","bad"
"393","Loss",127,"Biotic","range-shift","10.1016/j.scitotenv.2021.145788","Increase","bad"
"394","Loss",132,"Biotic","disease spread","https://research.fs.usda.gov/treesearch/54577","Increase","bad"
"395","Loss",136,"Physical","surface water quantity","https://doi.org/10.1579/0044-7447(2006)35[160:CEOCWA]2.0.CO;2","Increase","bad"
"396","Loss",137,"Sociocultural","knowledge transfer","https://doi.org/10.1139/er-2022-0130","Increase","bad"
"397","Loss",141,"Biotic","range-shift","10.1111/gcb.14957","Decrease","bad"
"398","Loss",150,"Biotic","migration","10.1017/S0959270908000439","Increase","bad"
"399","Loss",152,"Biotic","migration","10.1111/faf.12536","Complex change","bad"
"400","Loss",156,"Physical","pollution flow","https://doi.org/10.1016/j.scitotenv.2024.171490","Increase","bad"
"401","Loss",167,"Biotic","range-shift","10.1146/annurev-ecolsys-102710-145015","Increase","bad"
"402","Loss",169,"Biotic","range-shift","10.1007/978-1-4419-8692-4_4","Increase","bad"
"403","Loss",173,"Biotic","range-shift","10.7717/peerj.11","Increase","bad"
"404","Loss",175,"Biotic","range-shift","10.1126/science.aai9214","Increase","bad"
"405","Loss",185,"Biotic","range-shift","https://doi.org/10.1002/ece3.10277","Increase","bad"
"406","Loss",186,"Physical","glacial melt","doi:10.1093/biosci/biaa015","Increase","bad"
"407","Loss",188,"Sociocultural","knowledge transfer","10.1002/ppp3.10500","Increase","bad"
"408","Loss",205,"Physical","pollution flow","https://doi.org/10.1579/0044-7447(2006)35[160:CEOCWA]2.0.CO;2","Increase","bad"
"409","Loss",211,"Physical","ocean current","10.1007/BF02691304","Decrease","bad"
"410","Loss",216,"Biotic","range-shift","doi:10.1093/biosci/biaa015","Complex change","bad"
"411","Loss",233,"Sociocultural","knowledge transfer","DOI: 10.1111/fwb.13570","Complex change","bad"
"412","Loss",76,"Sociocultural","governance","10.1111/gcb.16109","Decrease","bad"
"413","Loss",76,"Sociocultural","diplomatic/financial aid","10.1111/gcb.16109","Decrease","bad"
"414","Management",6,"Biotic","biome-shift","10.1002/ppp3.10500","Complex change","good"
"415","Management",8,"Physical","sea ice retreat","10.1139/Z11-021","Complex change","good"
"416","Management",10,"Biotic","migration","10.1016/j.rama.2023.07.002","Increase","good"
"417","Management",20,"Biotic","migration","10.1650/CONDOR-17-20.1","Complex change","good"
"418","Management",24,"Biotic","migration","10.1890/09-0395.1","Complex change","good"
"419","Management",36,"Sociocultural","governance","https://doi.org/10.4236/jwarp.2018.1011065","Decrease","good"
"420","Management",40,"Biotic","range-shift","10.1111/gcb.16111","Complex change","good"
"421","Management",41,"Sociocultural","governance","10.5751/ES-11835-250442","Complex change","good"
"422","Management",43,"Biotic","range-shift","10.2737/NRS-GTR-99","Complex change","good"
"423","Management",46,"Sociocultural","governance","10.5751/ES-08879-220131","Increase","good"
"424","Management",54,"Biotic","disease spread","http://dx.doi.org/10.14745/ccdr.v45i04a04","No change (measured)","good"
"425","Management",57,"Biotic","migration","https://doi.org/10.1080/23308249.2024.2341023","Increase","good"
"426","Management",62,"Sociocultural","knowledge transfer","10.3390/jmse8100739","Increase","good"
"427","Management",67,"Sociocultural","governance","10.1080/08920759109362128	","Complex change","good"
"428","Management",70,"Biotic","disease spread","10.5424/fs/2012212-02230	","Complex change","good"
"429","Management",84,"Biotic","range-shift","10.3133/ofr20201125","Increase","good"
"430","Management",102,"Physical","surface water quantity","https://doi.org/10.1016/j.jhydrol.2019.124360","Complex change","good"
"431","Management",104,"Sociocultural","governance","10.1016/j.ecolecon.2022.107356","Complex change","good"
"432","Management",118,"Sociocultural","governance","10.21829/myb.2014.200146","Increase","good"
"433","Management",120,"Sociocultural","governance","10.15779/Z38M61BQ0J","No change (measured)","good"
"434","Management",132,"Biotic","disease spread","https://research.fs.usda.gov/treesearch/54577","Increase","good"
"435","Management",141,"Biotic","range-shift","10.1111/gcb.14957","Complex change","good"
"436","Management",150,"Biotic","migration","10.1017/S0959270908000439","Complex change","good"
"437","Management",156,"Physical","pollution flow","https://doi.org/10.1016/j.scitotenv.2024.171490","No change (measured)","good"
"438","Management",163,"Biotic","range-shift","https://doi.org/10.1139/X08-171","Complex change","good"
"439","Management",175,"Biotic","range-shift","10.1126/science.aai9214","Complex change","good"
"440","Management",185,"Biotic","range-shift","https://doi.org/10.1002/ece3.10277","Increase","good"
"441","Management",188,"Sociocultural","knowledge transfer","10.1002/ppp3.10500","Complex change","good"
"442","Management",210,"Biotic","gene flow","10.1894/0038-4909-65.2.161","Increase","good"
"443","Management",216,"Biotic","range-shift","doi:10.1093/biosci/biaa015","Complex change","good"
"444","Management",76,"Sociocultural","governance","10.1111/gcb.16109","Increase","good"
"445","Management",76,"Sociocultural","diplomatic/financial aid","10.1111/gcb.16109","Increase","good"
"446","Other",7,"Physical","surface water quantity","doi: 10.1111/brv.12914","Decrease","neutral"
"447","Other",8,"Physical","sea ice retreat","10.1139/Z11-021","Increase","neutral"
"448","Other",15,"Human movement","migration","https://openknowledge.fao.org/server/api/core/bitstreams/24eba882-35e4-4e04-a793-eaab4cd6259c/content","Increase","neutral"
"449","Other",16,"Human movement","migration","10.1289/ehp.1104375","Increase","neutral"
"450","Other",28,"Human movement","tourism","10.24917/20801653.322.20	","Complex change","neutral"
"451","Other",39,"Biotic","range-shift","10.1007/s10531-013-0525-1	","Increase","neutral"
"452","Other",54,"Biotic","disease spread","http://dx.doi.org/10.14745/ccdr.v45i04a04","No change (measured)","neutral"
"453","Other",92,"Biotic","disease spread","https://www.fs.usda.gov/pnw/pubs/pnw_gtr966_chapter2.pdf","Decrease","neutral"
"454","Other",94,"Physical","surface water quantity","https://www.researchgate.net/profile/Jan-Ciborowski/publication/352652269_An_ecosystem_health_assessment_of_the_Detroit_River_and_western_Lake_Erie/links/60e936321c28af3458598682/An-ecosystem-health-assessment-of-the-Detroit-River-and-western-Lake-Erie.pdf","Complex change","neutral"
"455","Other",106,"Biotic","range-shift","https://doi.org/10.1038/ s43017-020-0071-9","Decrease","neutral"
"456","Other",110,"Biotic","range-shift","https://doi.org/10.1016/j.amepre.2008.08.024","Increase","neutral"
"457","Other",112,"Physical","pollution flow","https://doi.org/10.1007/s44169-022-00016-8","Increase","neutral"
"458","Other",113,"Physical","pollution flow","https://doi.org/10.1007/s10533-023-01108-w","Increase","neutral"
"459","Other",116,"Physical","surface water quantity","https://doi.org/10.1007/s10584-021-03057-5","Decrease","neutral"
"460","Other",144,"Biotic","migration","10.1007/s11160-014-9348-8","Complex change","neutral"
"461","Other",153,"Biotic","disease spread","https://doi.org/10.1016/j.foreco.2018.03.011","Complex change","neutral"
"462","Other",156,"Physical","pollution flow","https://doi.org/10.1016/j.scitotenv.2024.171490","No change (measured)","neutral"
"463","Other",184,"Physical","pollution flow","10.3390/w6102862","Increase","neutral"
"464","Other",194,"Physical","nutrient and sediment flow","https://doi.org/10.4236/jwarp.2018.1011065","Increase","neutral"
"465","Other",197,"Physical","wildfire","https://doi.org/10.1016/j.jhydrol.2019.124360","Increase","neutral"
"466","Other",199,"Biotic","range-shift","https://doi.org/10.1177/1178622120950272","Complex change","neutral"
"467","Other",205,"Physical","pollution flow","https://doi.org/10.1579/0044-7447(2006)35[160:CEOCWA]2.0.CO;2","Increase","neutral"
"468","Other",219,"Physical","nutrient and sediment flow","10.1002/hyp.7162","Decrease","neutral"
"469","Other",220,"Human movement","trade","https://doi.org/10.4236/jwarp.2018.1011065","Increase","neutral"
"470","Other",222,"Biotic","biome-shift","https://doi.org/10.1177/1178622120950272","Increase","neutral"
"471","Other",21,"Physical","groundwater","http://dx.doi.org/10.1016/j.jglr.2021.10.011	","Increase","neutral"
"472","Richness",7,"Physical","surface water quantity","doi: 10.1111/brv.12914","Complex change","good"
"473","Richness",10,"Biotic","migration","10.1016/j.rama.2023.07.002","Decrease","good"
"474","Richness",12,"Biotic","range-shift","10.1016/S0065-2504(04)35010-5","Complex change","good"
"475","Richness",14,"Biotic","migration","10.1525/cond.2009.080096","Complex change","good"
"476","Richness",20,"Biotic","migration","10.1650/CONDOR-17-20.1","Decrease","good"
"477","Richness",22,"Biotic","biome-shift","10.1111/gcb.16770","Complex change","good"
"478","Richness",24,"Biotic","migration","10.1890/09-0395.1","Complex change","good"
"479","Richness",40,"Biotic","range-shift","10.1111/gcb.16111","Complex change","good"
"480","Richness",42,"Biotic","range-shift","10.1038/s41579-023-00900-7","Decrease","good"
"481","Richness",43,"Biotic","range-shift","10.2737/NRS-GTR-99","Complex change","good"
"482","Richness",52,"Biotic","range-shift","10.1111/jbi.13465","Complex change","good"
"483","Richness",53,"Biotic","range-shift","https://doi.org/10.1177/194008291600900111","Decrease","good"
"484","Richness",54,"Biotic","disease spread","http://dx.doi.org/10.14745/ccdr.v45i04a04","Increase","good"
"485","Richness",56,"Biotic","disease spread","10.1016/j.foreco.2018.02.049	","Complex change","good"
"486","Richness",61,"Biotic","disease spread","http://dx.doi.org/10.3390/ijerph19020893","Increase","good"
"487","Richness",68,"Physical","surface water quantity","10.1139/er-2022-0114	","Increase","good"
"488","Richness",75,"Biotic","range-shift","10.1016/j.jembe.2011.02.020	","No change (measured)","good"
"489","Richness",77,"Biotic","disease spread","10.1641/B581007	","Complex change","good"
"490","Richness",80,"Biotic","range-shift","10.1111/j.1466-8238.2009.00519.x	","Complex change","good"
"491","Richness",84,"Biotic","range-shift","10.3133/ofr20201125","Decrease","good"
"492","Richness",85,"Biotic","migration","10.3389/fevo.2019.00099","No change (measured)","good"
"493","Richness",90,"Biotic","range-shift","https://doi.org/10.1111/mam.12284","Decrease","good"
"494","Richness",102,"Physical","surface water quantity","https://doi.org/10.1016/j.jhydrol.2019.124360","Complex change","good"
"495","Richness",106,"Biotic","range-shift","https://doi.org/10.1038/ s43017-020-0071-9","Decrease","good"
"496","Richness",117,"Biotic","range-shift","10.5751/ES-11988-250443","Complex change","good"
"497","Richness",127,"Biotic","range-shift","10.1016/j.scitotenv.2021.145788","Complex change","good"
"498","Richness",132,"Biotic","disease spread","https://research.fs.usda.gov/treesearch/54577","Decrease","good"
"499","Richness",136,"Physical","surface water quantity","https://doi.org/10.1579/0044-7447(2006)35[160:CEOCWA]2.0.CO;2","Increase","good"
"500","Richness",138,"Biotic","range-shift","https://doi.org/10.1007/s10530-020-02244-2","Complex change","good"
"501","Richness",141,"Biotic","range-shift","10.1111/gcb.14957","Complex change","good"
"502","Richness",152,"Biotic","migration","10.1111/faf.12536","Complex change","good"
"503","Richness",155,"Biotic","range-shift","10.1111/fwb.13873","Increase","good"
"504","Richness",156,"Physical","pollution flow","https://doi.org/10.1016/j.scitotenv.2024.171490","Decrease","good"
"505","Richness",159,"Biotic","range-shift","10.1111/j.1744-7917.2010.01367.x","Complex change","good"
"506","Richness",167,"Biotic","range-shift","10.1146/annurev-ecolsys-102710-145015","Complex change","good"
"507","Richness",169,"Biotic","range-shift","10.1007/978-1-4419-8692-4_4","Complex change","good"
"508","Richness",173,"Biotic","range-shift","10.7717/peerj.11","Complex change","good"
"509","Richness",175,"Biotic","range-shift","10.1126/science.aai9214","Complex change","good"
"510","Richness",180,"Biotic","range-shift","http://dx.doi.org/10.1079/9781780641645.0305","Decrease","good"
"511","Richness",185,"Biotic","range-shift","https://doi.org/10.1002/ece3.10277","Complex change","good"
"512","Richness",186,"Physical","glacial melt","doi:10.1093/biosci/biaa015","Complex change","good"
"513","Richness",195,"Biotic","migration","10.3133/ofr20201125","Decrease","good"
"514","Richness",197,"Physical","wildfire","https://doi.org/10.1016/j.jhydrol.2019.124360","Complex change","good"
"515","Richness",205,"Physical","pollution flow","https://doi.org/10.1579/0044-7447(2006)35[160:CEOCWA]2.0.CO;2","Complex change","good"
"516","Richness",207,"Biotic","gene flow","10.1111/j.1744-7917.2010.01367.x","Complex change","good"
"517","Richness",216,"Biotic","range-shift","doi:10.1093/biosci/biaa015","Complex change","good"
"518","Trophic",3,"Human movement","displacement","10.1007/s10113-024-02212-9","Complex change","neutral"
"519","Trophic",6,"Biotic","biome-shift","10.1002/ppp3.10500","Complex change","neutral"
"520","Trophic",10,"Biotic","migration","10.1016/j.rama.2023.07.002","Increase","neutral"
"521","Trophic",25,"Biotic","migration","10.1016/j.envint.2018.06.018","Increase","neutral"
"522","Trophic",25,"Biotic","disease spread","10.1016/j.envint.2018.06.018","Increase","neutral"
"523","Trophic",33,"Biotic","range-shift","10.1007/s00300-023-03133-9","Complex change","neutral"
"524","Trophic",35,"Biotic","disease spread","10.1093/aesa/saad038","Complex change","neutral"
"525","Trophic",40,"Biotic","range-shift","10.1111/gcb.16111","Complex change","neutral"
"526","Trophic",54,"Biotic","disease spread","http://dx.doi.org/10.14745/ccdr.v45i04a04","No change (measured)","neutral"
"527","Trophic",58,"Biotic","range-shift","dx.doi.org/10.1139/cjz-2019-0207","Increase","neutral"
"528","Trophic",68,"Physical","surface water quantity","10.1139/er-2022-0114	","Increase","neutral"
"529","Trophic",72,"Biotic","range-shift","https://doi.org/10.1111/j.1523-1739.2008.00950.x","Complex change","neutral"
"530","Trophic",74,"Biotic","disease spread","10.1017/S0031182021001426	","Complex change","neutral"
"531","Trophic",75,"Biotic","range-shift","10.1016/j.jembe.2011.02.020	","No change (measured)","neutral"
"532","Trophic",102,"Physical","surface water quantity","https://doi.org/10.1016/j.jhydrol.2019.124360","Complex change","neutral"
"533","Trophic",105,"Physical","wind","https://www.taylorfrancis.com/chapters/edit/10.1201/9781315226781-33/environmental-evaluation-lessons-learned-case-studies-bosun-banjoko-saeid-eslamian","Complex change","neutral"
"534","Trophic",132,"Biotic","disease spread","https://research.fs.usda.gov/treesearch/54577","Increase","neutral"
"535","Trophic",133,"Biotic","range-shift","10.1579/0044-7447(2006)35[381:AOOEOC]2.0.CO;2","Complex change","neutral"
"536","Trophic",136,"Physical","surface water quantity","https://doi.org/10.1579/0044-7447(2006)35[160:CEOCWA]2.0.CO;2","Complex change","neutral"
"537","Trophic",138,"Biotic","range-shift","https://doi.org/10.1007/s10530-020-02244-2","Complex change","neutral"
"538","Trophic",141,"Biotic","range-shift","10.1111/gcb.14957","Complex change","neutral"
"539","Trophic",144,"Biotic","migration","10.1007/s11160-014-9348-8","Complex change","neutral"
"540","Trophic",155,"Biotic","range-shift","10.1111/fwb.13873","Complex change","neutral"
"541","Trophic",156,"Physical","pollution flow","https://doi.org/10.1016/j.scitotenv.2024.171490","No change (measured)","neutral"
"542","Trophic",159,"Biotic","range-shift","10.1111/j.1744-7917.2010.01367.x","Complex change","neutral"
"543","Trophic",163,"Biotic","range-shift","https://doi.org/10.1139/X08-171","Complex change","neutral"
"544","Trophic",164,"Biotic","disease spread","https://doi.org/10.3390/ijerph15030478","Increase","neutral"
"545","Trophic",168,"Physical","sea ice retreat","http://dx.doi.org/10.1016/j.pocean.2015.07.011","Increase","neutral"
"546","Trophic",169,"Biotic","range-shift","10.1007/978-1-4419-8692-4_4","Complex change","neutral"
"547","Trophic",172,"Biotic","range-shift","10.1894/0038-4909-65.2.161","Complex change","neutral"
"548","Trophic",173,"Biotic","range-shift","10.7717/peerj.11","Complex change","neutral"
"549","Trophic",175,"Biotic","range-shift","10.1126/science.aai9214","Complex change","neutral"
"550","Trophic",185,"Biotic","range-shift","https://doi.org/10.1002/ece3.10277","Increase","neutral"
"551","Trophic",186,"Physical","glacial melt","doi:10.1093/biosci/biaa015","Complex change","neutral"
"552","Trophic",187,"Sociocultural","knowledge transfer","10.1007/s10113-024-02212-9","Complex change","neutral"
"553","Trophic",188,"Sociocultural","knowledge transfer","10.1002/ppp3.10500","Complex change","neutral"
"554","Trophic",190,"Physical","surface water quantity","10.1007/s10584-015-1355-9	","Increase","neutral"
"555","Trophic",197,"Physical","wildfire","https://doi.org/10.1016/j.jhydrol.2019.124360","Increase","neutral"
"556","Trophic",205,"Physical","pollution flow","https://doi.org/10.1579/0044-7447(2006)35[160:CEOCWA]2.0.CO;2","Increase","neutral"
"557","Trophic",207,"Biotic","gene flow","10.1111/j.1744-7917.2010.01367.x","Complex change","neutral"
"558","Trophic",76,"Sociocultural","governance","10.1111/gcb.16109","Decrease","neutral"
"559","Trophic",76,"Sociocultural","diplomatic/financial aid","10.1111/gcb.16109","Decrease","neutral"
"560","Trophic",134,"Physical","surface water quantity","https://doi.org/10.1002/ieam.1360","No change (measured)","neutral"
"561","Trophic",135,"Physical","groundwater","https://doi.org/10.1002/ieam.1360","No change (measured)","neutral"
"562","Urbanization",10,"Biotic","migration","10.1016/j.rama.2023.07.002","No change (measured)","bad"
"563","Urbanization",16,"Human movement","migration","10.1289/ehp.1104375","Increase","bad"
"564","Urbanization",20,"Biotic","migration","10.1650/CONDOR-17-20.1","Increase","bad"
"565","Urbanization",53,"Biotic","range-shift","https://doi.org/10.1177/194008291600900111","Increase","bad"
"566","Urbanization",54,"Biotic","disease spread","http://dx.doi.org/10.14745/ccdr.v45i04a04","No change (measured)","bad"
"567","Urbanization",85,"Biotic","migration","10.3389/fevo.2019.00099","Decrease","bad"
"568","Urbanization",150,"Biotic","migration","10.1017/S0959270908000439","Increase","bad"
"569","Urbanization",173,"Biotic","range-shift","10.7717/peerj.11","Increase","bad"
"570","Urbanization",182,"Human movement","migration","https://doi.org/10.1038/s44168-024-00133-1	","Complex change","bad"
"571","Urbanization",189,"Human movement","displacement","10.1289/ehp.1104375","Increase","bad"
"572","Urbanization",195,"Biotic","migration","10.3133/ofr20201125","Increase","bad"
"573","Urbanization",217,"Human movement","relocation","10.1289/ehp.1104375","Increase","bad"
