"","Flow","NCP","NCPDirection","count"
"1","X2.7.Altered.Flow..Quantity","X2.16.NCP.ES..Air.Quality","Increase",0
"2","X2.7.Altered.Flow..Quantity","X2.16.NCP.ES..Air.Quality","Decrease",2
"3","X2.7.Altered.Flow..Quantity","X2.16.NCP.ES..Air.Quality","Complex",0
"4","X2.7.Altered.Flow..Quantity","X2.16.NCP.ES..Air.Quality","NotConsidered",178
"5","X2.7.Altered.Flow..Quantity","X2.16.NCP.ES..Air.Quality","NoChangeMeasured",1
"6","X2.7.Altered.Flow..Quantity","X2.16.NCP.ES..Air.Quality","NotMeasured",11
"7","X2.7.Altered.Flow..Direction","X2.16.NCP.ES..Air.Quality","Increase",0
"8","X2.7.Altered.Flow..Direction","X2.16.NCP.ES..Air.Quality","Decrease",0
"9","X2.7.Altered.Flow..Direction","X2.16.NCP.ES..Air.Quality","Complex",0
"10","X2.7.Altered.Flow..Direction","X2.16.NCP.ES..Air.Quality","NotConsidered",64
"11","X2.7.Altered.Flow..Direction","X2.16.NCP.ES..Air.Quality","NoChangeMeasured",0
"12","X2.7.Altered.Flow..Direction","X2.16.NCP.ES..Air.Quality","NotMeasured",10
"13","X2.7.Altered.Flow..Location","X2.16.NCP.ES..Air.Quality","Increase",0
"14","X2.7.Altered.Flow..Location","X2.16.NCP.ES..Air.Quality","Decrease",3
"15","X2.7.Altered.Flow..Location","X2.16.NCP.ES..Air.Quality","Complex",0
"16","X2.7.Altered.Flow..Location","X2.16.NCP.ES..Air.Quality","NotConsidered",100
"17","X2.7.Altered.Flow..Location","X2.16.NCP.ES..Air.Quality","NoChangeMeasured",1
"18","X2.7.Altered.Flow..Location","X2.16.NCP.ES..Air.Quality","NotMeasured",10
"19","X2.7.Altered.Flow..Distance","X2.16.NCP.ES..Air.Quality","Increase",0
"20","X2.7.Altered.Flow..Distance","X2.16.NCP.ES..Air.Quality","Decrease",0
"21","X2.7.Altered.Flow..Distance","X2.16.NCP.ES..Air.Quality","Complex",0
"22","X2.7.Altered.Flow..Distance","X2.16.NCP.ES..Air.Quality","NotConsidered",44
"23","X2.7.Altered.Flow..Distance","X2.16.NCP.ES..Air.Quality","NoChangeMeasured",0
"24","X2.7.Altered.Flow..Distance","X2.16.NCP.ES..Air.Quality","NotMeasured",9
"25","X2.7.Altered.Flow..Timing","X2.16.NCP.ES..Air.Quality","Increase",0
"26","X2.7.Altered.Flow..Timing","X2.16.NCP.ES..Air.Quality","Decrease",0
"27","X2.7.Altered.Flow..Timing","X2.16.NCP.ES..Air.Quality","Complex",0
"28","X2.7.Altered.Flow..Timing","X2.16.NCP.ES..Air.Quality","NotConsidered",74
"29","X2.7.Altered.Flow..Timing","X2.16.NCP.ES..Air.Quality","NoChangeMeasured",0
"30","X2.7.Altered.Flow..Timing","X2.16.NCP.ES..Air.Quality","NotMeasured",8
"31","X2.7.Altered.Flow..Frequency","X2.16.NCP.ES..Air.Quality","Increase",0
"32","X2.7.Altered.Flow..Frequency","X2.16.NCP.ES..Air.Quality","Decrease",1
"33","X2.7.Altered.Flow..Frequency","X2.16.NCP.ES..Air.Quality","Complex",0
"34","X2.7.Altered.Flow..Frequency","X2.16.NCP.ES..Air.Quality","NotConsidered",55
"35","X2.7.Altered.Flow..Frequency","X2.16.NCP.ES..Air.Quality","NoChangeMeasured",0
"36","X2.7.Altered.Flow..Frequency","X2.16.NCP.ES..Air.Quality","NotMeasured",6
"37","X2.7.Altered.Flow..Duration","X2.16.NCP.ES..Air.Quality","Increase",0
"38","X2.7.Altered.Flow..Duration","X2.16.NCP.ES..Air.Quality","Decrease",3
"39","X2.7.Altered.Flow..Duration","X2.16.NCP.ES..Air.Quality","Complex",0
"40","X2.7.Altered.Flow..Duration","X2.16.NCP.ES..Air.Quality","NotConsidered",65
"41","X2.7.Altered.Flow..Duration","X2.16.NCP.ES..Air.Quality","NoChangeMeasured",1
"42","X2.7.Altered.Flow..Duration","X2.16.NCP.ES..Air.Quality","NotMeasured",6
"43","X2.7.Altered.Flow..Speed","X2.16.NCP.ES..Air.Quality","Increase",0
"44","X2.7.Altered.Flow..Speed","X2.16.NCP.ES..Air.Quality","Decrease",0
"45","X2.7.Altered.Flow..Speed","X2.16.NCP.ES..Air.Quality","Complex",0
"46","X2.7.Altered.Flow..Speed","X2.16.NCP.ES..Air.Quality","NotConsidered",32
"47","X2.7.Altered.Flow..Speed","X2.16.NCP.ES..Air.Quality","NoChangeMeasured",0
"48","X2.7.Altered.Flow..Speed","X2.16.NCP.ES..Air.Quality","NotMeasured",7
"49","X2.7.Altered.Flow..Feedbacks","X2.16.NCP.ES..Air.Quality","Increase",0
"50","X2.7.Altered.Flow..Feedbacks","X2.16.NCP.ES..Air.Quality","Decrease",0
"51","X2.7.Altered.Flow..Feedbacks","X2.16.NCP.ES..Air.Quality","Complex",0
"52","X2.7.Altered.Flow..Feedbacks","X2.16.NCP.ES..Air.Quality","NotConsidered",71
"53","X2.7.Altered.Flow..Feedbacks","X2.16.NCP.ES..Air.Quality","NoChangeMeasured",0
"54","X2.7.Altered.Flow..Feedbacks","X2.16.NCP.ES..Air.Quality","NotMeasured",9
"55","X2.7.Altered.Flow..Mechanism","X2.16.NCP.ES..Air.Quality","Increase",0
"56","X2.7.Altered.Flow..Mechanism","X2.16.NCP.ES..Air.Quality","Decrease",0
"57","X2.7.Altered.Flow..Mechanism","X2.16.NCP.ES..Air.Quality","Complex",0
"58","X2.7.Altered.Flow..Mechanism","X2.16.NCP.ES..Air.Quality","NotConsidered",44
"59","X2.7.Altered.Flow..Mechanism","X2.16.NCP.ES..Air.Quality","NoChangeMeasured",0
"60","X2.7.Altered.Flow..Mechanism","X2.16.NCP.ES..Air.Quality","NotMeasured",9
"61","X2.7.Altered.Flow..Other","X2.16.NCP.ES..Air.Quality","Increase",0
"62","X2.7.Altered.Flow..Other","X2.16.NCP.ES..Air.Quality","Decrease",0
"63","X2.7.Altered.Flow..Other","X2.16.NCP.ES..Air.Quality","Complex",0
"64","X2.7.Altered.Flow..Other","X2.16.NCP.ES..Air.Quality","NotConsidered",19
"65","X2.7.Altered.Flow..Other","X2.16.NCP.ES..Air.Quality","NoChangeMeasured",0
"66","X2.7.Altered.Flow..Other","X2.16.NCP.ES..Air.Quality","NotMeasured",0
"67","X2.7.Altered.Flow..Quantity","X2.16.NCP.ES..Climate","Increase",2
"68","X2.7.Altered.Flow..Quantity","X2.16.NCP.ES..Climate","Decrease",2
"69","X2.7.Altered.Flow..Quantity","X2.16.NCP.ES..Climate","Complex",0
"70","X2.7.Altered.Flow..Quantity","X2.16.NCP.ES..Climate","NotConsidered",172
"71","X2.7.Altered.Flow..Quantity","X2.16.NCP.ES..Climate","NoChangeMeasured",3
"72","X2.7.Altered.Flow..Quantity","X2.16.NCP.ES..Climate","NotMeasured",11
"73","X2.7.Altered.Flow..Direction","X2.16.NCP.ES..Climate","Increase",1
"74","X2.7.Altered.Flow..Direction","X2.16.NCP.ES..Climate","Decrease",1
"75","X2.7.Altered.Flow..Direction","X2.16.NCP.ES..Climate","Complex",0
"76","X2.7.Altered.Flow..Direction","X2.16.NCP.ES..Climate","NotConsidered",62
"77","X2.7.Altered.Flow..Direction","X2.16.NCP.ES..Climate","NoChangeMeasured",0
"78","X2.7.Altered.Flow..Direction","X2.16.NCP.ES..Climate","NotMeasured",9
"79","X2.7.Altered.Flow..Location","X2.16.NCP.ES..Climate","Increase",2
"80","X2.7.Altered.Flow..Location","X2.16.NCP.ES..Climate","Decrease",4
"81","X2.7.Altered.Flow..Location","X2.16.NCP.ES..Climate","Complex",0
"82","X2.7.Altered.Flow..Location","X2.16.NCP.ES..Climate","NotConsidered",96
"83","X2.7.Altered.Flow..Location","X2.16.NCP.ES..Climate","NoChangeMeasured",1
"84","X2.7.Altered.Flow..Location","X2.16.NCP.ES..Climate","NotMeasured",9
"85","X2.7.Altered.Flow..Distance","X2.16.NCP.ES..Climate","Increase",2
"86","X2.7.Altered.Flow..Distance","X2.16.NCP.ES..Climate","Decrease",1
"87","X2.7.Altered.Flow..Distance","X2.16.NCP.ES..Climate","Complex",0
"88","X2.7.Altered.Flow..Distance","X2.16.NCP.ES..Climate","NotConsidered",41
"89","X2.7.Altered.Flow..Distance","X2.16.NCP.ES..Climate","NoChangeMeasured",0
"90","X2.7.Altered.Flow..Distance","X2.16.NCP.ES..Climate","NotMeasured",8
"91","X2.7.Altered.Flow..Timing","X2.16.NCP.ES..Climate","Increase",1
"92","X2.7.Altered.Flow..Timing","X2.16.NCP.ES..Climate","Decrease",2
"93","X2.7.Altered.Flow..Timing","X2.16.NCP.ES..Climate","Complex",0
"94","X2.7.Altered.Flow..Timing","X2.16.NCP.ES..Climate","NotConsidered",69
"95","X2.7.Altered.Flow..Timing","X2.16.NCP.ES..Climate","NoChangeMeasured",2
"96","X2.7.Altered.Flow..Timing","X2.16.NCP.ES..Climate","NotMeasured",7
"97","X2.7.Altered.Flow..Frequency","X2.16.NCP.ES..Climate","Increase",1
"98","X2.7.Altered.Flow..Frequency","X2.16.NCP.ES..Climate","Decrease",3
"99","X2.7.Altered.Flow..Frequency","X2.16.NCP.ES..Climate","Complex",0
"100","X2.7.Altered.Flow..Frequency","X2.16.NCP.ES..Climate","NotConsidered",52
"101","X2.7.Altered.Flow..Frequency","X2.16.NCP.ES..Climate","NoChangeMeasured",0
"102","X2.7.Altered.Flow..Frequency","X2.16.NCP.ES..Climate","NotMeasured",6
"103","X2.7.Altered.Flow..Duration","X2.16.NCP.ES..Climate","Increase",1
"104","X2.7.Altered.Flow..Duration","X2.16.NCP.ES..Climate","Decrease",4
"105","X2.7.Altered.Flow..Duration","X2.16.NCP.ES..Climate","Complex",0
"106","X2.7.Altered.Flow..Duration","X2.16.NCP.ES..Climate","NotConsidered",63
"107","X2.7.Altered.Flow..Duration","X2.16.NCP.ES..Climate","NoChangeMeasured",1
"108","X2.7.Altered.Flow..Duration","X2.16.NCP.ES..Climate","NotMeasured",5
"109","X2.7.Altered.Flow..Speed","X2.16.NCP.ES..Climate","Increase",1
"110","X2.7.Altered.Flow..Speed","X2.16.NCP.ES..Climate","Decrease",0
"111","X2.7.Altered.Flow..Speed","X2.16.NCP.ES..Climate","Complex",0
"112","X2.7.Altered.Flow..Speed","X2.16.NCP.ES..Climate","NotConsidered",31
"113","X2.7.Altered.Flow..Speed","X2.16.NCP.ES..Climate","NoChangeMeasured",0
"114","X2.7.Altered.Flow..Speed","X2.16.NCP.ES..Climate","NotMeasured",6
"115","X2.7.Altered.Flow..Feedbacks","X2.16.NCP.ES..Climate","Increase",1
"116","X2.7.Altered.Flow..Feedbacks","X2.16.NCP.ES..Climate","Decrease",1
"117","X2.7.Altered.Flow..Feedbacks","X2.16.NCP.ES..Climate","Complex",0
"118","X2.7.Altered.Flow..Feedbacks","X2.16.NCP.ES..Climate","NotConsidered",67
"119","X2.7.Altered.Flow..Feedbacks","X2.16.NCP.ES..Climate","NoChangeMeasured",2
"120","X2.7.Altered.Flow..Feedbacks","X2.16.NCP.ES..Climate","NotMeasured",8
"121","X2.7.Altered.Flow..Mechanism","X2.16.NCP.ES..Climate","Increase",1
"122","X2.7.Altered.Flow..Mechanism","X2.16.NCP.ES..Climate","Decrease",0
"123","X2.7.Altered.Flow..Mechanism","X2.16.NCP.ES..Climate","Complex",0
"124","X2.7.Altered.Flow..Mechanism","X2.16.NCP.ES..Climate","NotConsidered",43
"125","X2.7.Altered.Flow..Mechanism","X2.16.NCP.ES..Climate","NoChangeMeasured",0
"126","X2.7.Altered.Flow..Mechanism","X2.16.NCP.ES..Climate","NotMeasured",8
"127","X2.7.Altered.Flow..Other","X2.16.NCP.ES..Climate","Increase",0
"128","X2.7.Altered.Flow..Other","X2.16.NCP.ES..Climate","Decrease",0
"129","X2.7.Altered.Flow..Other","X2.16.NCP.ES..Climate","Complex",0
"130","X2.7.Altered.Flow..Other","X2.16.NCP.ES..Climate","NotConsidered",16
"131","X2.7.Altered.Flow..Other","X2.16.NCP.ES..Climate","NoChangeMeasured",2
"132","X2.7.Altered.Flow..Other","X2.16.NCP.ES..Climate","NotMeasured",1
"133","X2.7.Altered.Flow..Quantity","X2.16.NCP.ES..Acidification","Increase",0
"134","X2.7.Altered.Flow..Quantity","X2.16.NCP.ES..Acidification","Decrease",1
"135","X2.7.Altered.Flow..Quantity","X2.16.NCP.ES..Acidification","Complex",0
"136","X2.7.Altered.Flow..Quantity","X2.16.NCP.ES..Acidification","NotConsidered",179
"137","X2.7.Altered.Flow..Quantity","X2.16.NCP.ES..Acidification","NoChangeMeasured",1
"138","X2.7.Altered.Flow..Quantity","X2.16.NCP.ES..Acidification","NotMeasured",11
"139","X2.7.Altered.Flow..Direction","X2.16.NCP.ES..Acidification","Increase",0
"140","X2.7.Altered.Flow..Direction","X2.16.NCP.ES..Acidification","Decrease",0
"141","X2.7.Altered.Flow..Direction","X2.16.NCP.ES..Acidification","Complex",0
"142","X2.7.Altered.Flow..Direction","X2.16.NCP.ES..Acidification","NotConsidered",64
"143","X2.7.Altered.Flow..Direction","X2.16.NCP.ES..Acidification","NoChangeMeasured",0
"144","X2.7.Altered.Flow..Direction","X2.16.NCP.ES..Acidification","NotMeasured",10
"145","X2.7.Altered.Flow..Location","X2.16.NCP.ES..Acidification","Increase",0
"146","X2.7.Altered.Flow..Location","X2.16.NCP.ES..Acidification","Decrease",0
"147","X2.7.Altered.Flow..Location","X2.16.NCP.ES..Acidification","Complex",0
"148","X2.7.Altered.Flow..Location","X2.16.NCP.ES..Acidification","NotConsidered",104
"149","X2.7.Altered.Flow..Location","X2.16.NCP.ES..Acidification","NoChangeMeasured",1
"150","X2.7.Altered.Flow..Location","X2.16.NCP.ES..Acidification","NotMeasured",10
"151","X2.7.Altered.Flow..Distance","X2.16.NCP.ES..Acidification","Increase",0
"152","X2.7.Altered.Flow..Distance","X2.16.NCP.ES..Acidification","Decrease",0
"153","X2.7.Altered.Flow..Distance","X2.16.NCP.ES..Acidification","Complex",0
"154","X2.7.Altered.Flow..Distance","X2.16.NCP.ES..Acidification","NotConsidered",44
"155","X2.7.Altered.Flow..Distance","X2.16.NCP.ES..Acidification","NoChangeMeasured",0
"156","X2.7.Altered.Flow..Distance","X2.16.NCP.ES..Acidification","NotMeasured",9
"157","X2.7.Altered.Flow..Timing","X2.16.NCP.ES..Acidification","Increase",0
"158","X2.7.Altered.Flow..Timing","X2.16.NCP.ES..Acidification","Decrease",0
"159","X2.7.Altered.Flow..Timing","X2.16.NCP.ES..Acidification","Complex",0
"160","X2.7.Altered.Flow..Timing","X2.16.NCP.ES..Acidification","NotConsidered",74
"161","X2.7.Altered.Flow..Timing","X2.16.NCP.ES..Acidification","NoChangeMeasured",0
"162","X2.7.Altered.Flow..Timing","X2.16.NCP.ES..Acidification","NotMeasured",8
"163","X2.7.Altered.Flow..Frequency","X2.16.NCP.ES..Acidification","Increase",0
"164","X2.7.Altered.Flow..Frequency","X2.16.NCP.ES..Acidification","Decrease",0
"165","X2.7.Altered.Flow..Frequency","X2.16.NCP.ES..Acidification","Complex",0
"166","X2.7.Altered.Flow..Frequency","X2.16.NCP.ES..Acidification","NotConsidered",56
"167","X2.7.Altered.Flow..Frequency","X2.16.NCP.ES..Acidification","NoChangeMeasured",0
"168","X2.7.Altered.Flow..Frequency","X2.16.NCP.ES..Acidification","NotMeasured",6
"169","X2.7.Altered.Flow..Duration","X2.16.NCP.ES..Acidification","Increase",0
"170","X2.7.Altered.Flow..Duration","X2.16.NCP.ES..Acidification","Decrease",0
"171","X2.7.Altered.Flow..Duration","X2.16.NCP.ES..Acidification","Complex",0
"172","X2.7.Altered.Flow..Duration","X2.16.NCP.ES..Acidification","NotConsidered",68
"173","X2.7.Altered.Flow..Duration","X2.16.NCP.ES..Acidification","NoChangeMeasured",1
"174","X2.7.Altered.Flow..Duration","X2.16.NCP.ES..Acidification","NotMeasured",6
"175","X2.7.Altered.Flow..Speed","X2.16.NCP.ES..Acidification","Increase",0
"176","X2.7.Altered.Flow..Speed","X2.16.NCP.ES..Acidification","Decrease",0
"177","X2.7.Altered.Flow..Speed","X2.16.NCP.ES..Acidification","Complex",0
"178","X2.7.Altered.Flow..Speed","X2.16.NCP.ES..Acidification","NotConsidered",33
"179","X2.7.Altered.Flow..Speed","X2.16.NCP.ES..Acidification","NoChangeMeasured",0
"180","X2.7.Altered.Flow..Speed","X2.16.NCP.ES..Acidification","NotMeasured",7
"181","X2.7.Altered.Flow..Feedbacks","X2.16.NCP.ES..Acidification","Increase",0
"182","X2.7.Altered.Flow..Feedbacks","X2.16.NCP.ES..Acidification","Decrease",1
"183","X2.7.Altered.Flow..Feedbacks","X2.16.NCP.ES..Acidification","Complex",0
"184","X2.7.Altered.Flow..Feedbacks","X2.16.NCP.ES..Acidification","NotConsidered",70
"185","X2.7.Altered.Flow..Feedbacks","X2.16.NCP.ES..Acidification","NoChangeMeasured",0
"186","X2.7.Altered.Flow..Feedbacks","X2.16.NCP.ES..Acidification","NotMeasured",9
"187","X2.7.Altered.Flow..Mechanism","X2.16.NCP.ES..Acidification","Increase",0
"188","X2.7.Altered.Flow..Mechanism","X2.16.NCP.ES..Acidification","Decrease",0
"189","X2.7.Altered.Flow..Mechanism","X2.16.NCP.ES..Acidification","Complex",0
"190","X2.7.Altered.Flow..Mechanism","X2.16.NCP.ES..Acidification","NotConsidered",45
"191","X2.7.Altered.Flow..Mechanism","X2.16.NCP.ES..Acidification","NoChangeMeasured",0
"192","X2.7.Altered.Flow..Mechanism","X2.16.NCP.ES..Acidification","NotMeasured",9
"193","X2.7.Altered.Flow..Other","X2.16.NCP.ES..Acidification","Increase",0
"194","X2.7.Altered.Flow..Other","X2.16.NCP.ES..Acidification","Decrease",0
"195","X2.7.Altered.Flow..Other","X2.16.NCP.ES..Acidification","Complex",0
"196","X2.7.Altered.Flow..Other","X2.16.NCP.ES..Acidification","NotConsidered",19
"197","X2.7.Altered.Flow..Other","X2.16.NCP.ES..Acidification","NoChangeMeasured",0
"198","X2.7.Altered.Flow..Other","X2.16.NCP.ES..Acidification","NotMeasured",0
"199","X2.7.Altered.Flow..Quantity","X2.16.NCP.ES..Freshwater","Increase",0
"200","X2.7.Altered.Flow..Quantity","X2.16.NCP.ES..Freshwater","Decrease",16
"201","X2.7.Altered.Flow..Quantity","X2.16.NCP.ES..Freshwater","Complex",0
"202","X2.7.Altered.Flow..Quantity","X2.16.NCP.ES..Freshwater","NotConsidered",151
"203","X2.7.Altered.Flow..Quantity","X2.16.NCP.ES..Freshwater","NoChangeMeasured",1
"204","X2.7.Altered.Flow..Quantity","X2.16.NCP.ES..Freshwater","NotMeasured",11
"205","X2.7.Altered.Flow..Direction","X2.16.NCP.ES..Freshwater","Increase",0
"206","X2.7.Altered.Flow..Direction","X2.16.NCP.ES..Freshwater","Decrease",4
"207","X2.7.Altered.Flow..Direction","X2.16.NCP.ES..Freshwater","Complex",0
"208","X2.7.Altered.Flow..Direction","X2.16.NCP.ES..Freshwater","NotConsidered",54
"209","X2.7.Altered.Flow..Direction","X2.16.NCP.ES..Freshwater","NoChangeMeasured",0
"210","X2.7.Altered.Flow..Direction","X2.16.NCP.ES..Freshwater","NotMeasured",8
"211","X2.7.Altered.Flow..Location","X2.16.NCP.ES..Freshwater","Increase",0
"212","X2.7.Altered.Flow..Location","X2.16.NCP.ES..Freshwater","Decrease",8
"213","X2.7.Altered.Flow..Location","X2.16.NCP.ES..Freshwater","Complex",0
"214","X2.7.Altered.Flow..Location","X2.16.NCP.ES..Freshwater","NotConsidered",93
"215","X2.7.Altered.Flow..Location","X2.16.NCP.ES..Freshwater","NoChangeMeasured",1
"216","X2.7.Altered.Flow..Location","X2.16.NCP.ES..Freshwater","NotMeasured",9
"217","X2.7.Altered.Flow..Distance","X2.16.NCP.ES..Freshwater","Increase",0
"218","X2.7.Altered.Flow..Distance","X2.16.NCP.ES..Freshwater","Decrease",3
"219","X2.7.Altered.Flow..Distance","X2.16.NCP.ES..Freshwater","Complex",0
"220","X2.7.Altered.Flow..Distance","X2.16.NCP.ES..Freshwater","NotConsidered",36
"221","X2.7.Altered.Flow..Distance","X2.16.NCP.ES..Freshwater","NoChangeMeasured",0
"222","X2.7.Altered.Flow..Distance","X2.16.NCP.ES..Freshwater","NotMeasured",8
"223","X2.7.Altered.Flow..Timing","X2.16.NCP.ES..Freshwater","Increase",0
"224","X2.7.Altered.Flow..Timing","X2.16.NCP.ES..Freshwater","Decrease",9
"225","X2.7.Altered.Flow..Timing","X2.16.NCP.ES..Freshwater","Complex",0
"226","X2.7.Altered.Flow..Timing","X2.16.NCP.ES..Freshwater","NotConsidered",58
"227","X2.7.Altered.Flow..Timing","X2.16.NCP.ES..Freshwater","NoChangeMeasured",0
"228","X2.7.Altered.Flow..Timing","X2.16.NCP.ES..Freshwater","NotMeasured",6
"229","X2.7.Altered.Flow..Frequency","X2.16.NCP.ES..Freshwater","Increase",0
"230","X2.7.Altered.Flow..Frequency","X2.16.NCP.ES..Freshwater","Decrease",7
"231","X2.7.Altered.Flow..Frequency","X2.16.NCP.ES..Freshwater","Complex",0
"232","X2.7.Altered.Flow..Frequency","X2.16.NCP.ES..Freshwater","NotConsidered",45
"233","X2.7.Altered.Flow..Frequency","X2.16.NCP.ES..Freshwater","NoChangeMeasured",0
"234","X2.7.Altered.Flow..Frequency","X2.16.NCP.ES..Freshwater","NotMeasured",5
"235","X2.7.Altered.Flow..Duration","X2.16.NCP.ES..Freshwater","Increase",0
"236","X2.7.Altered.Flow..Duration","X2.16.NCP.ES..Freshwater","Decrease",9
"237","X2.7.Altered.Flow..Duration","X2.16.NCP.ES..Freshwater","Complex",0
"238","X2.7.Altered.Flow..Duration","X2.16.NCP.ES..Freshwater","NotConsidered",55
"239","X2.7.Altered.Flow..Duration","X2.16.NCP.ES..Freshwater","NoChangeMeasured",1
"240","X2.7.Altered.Flow..Duration","X2.16.NCP.ES..Freshwater","NotMeasured",5
"241","X2.7.Altered.Flow..Speed","X2.16.NCP.ES..Freshwater","Increase",0
"242","X2.7.Altered.Flow..Speed","X2.16.NCP.ES..Freshwater","Decrease",3
"243","X2.7.Altered.Flow..Speed","X2.16.NCP.ES..Freshwater","Complex",0
"244","X2.7.Altered.Flow..Speed","X2.16.NCP.ES..Freshwater","NotConsidered",30
"245","X2.7.Altered.Flow..Speed","X2.16.NCP.ES..Freshwater","NoChangeMeasured",0
"246","X2.7.Altered.Flow..Speed","X2.16.NCP.ES..Freshwater","NotMeasured",5
"247","X2.7.Altered.Flow..Feedbacks","X2.16.NCP.ES..Freshwater","Increase",0
"248","X2.7.Altered.Flow..Feedbacks","X2.16.NCP.ES..Freshwater","Decrease",8
"249","X2.7.Altered.Flow..Feedbacks","X2.16.NCP.ES..Freshwater","Complex",0
"250","X2.7.Altered.Flow..Feedbacks","X2.16.NCP.ES..Freshwater","NotConsidered",59
"251","X2.7.Altered.Flow..Feedbacks","X2.16.NCP.ES..Freshwater","NoChangeMeasured",0
"252","X2.7.Altered.Flow..Feedbacks","X2.16.NCP.ES..Freshwater","NotMeasured",8
"253","X2.7.Altered.Flow..Mechanism","X2.16.NCP.ES..Freshwater","Increase",0
"254","X2.7.Altered.Flow..Mechanism","X2.16.NCP.ES..Freshwater","Decrease",3
"255","X2.7.Altered.Flow..Mechanism","X2.16.NCP.ES..Freshwater","Complex",0
"256","X2.7.Altered.Flow..Mechanism","X2.16.NCP.ES..Freshwater","NotConsidered",39
"257","X2.7.Altered.Flow..Mechanism","X2.16.NCP.ES..Freshwater","NoChangeMeasured",0
"258","X2.7.Altered.Flow..Mechanism","X2.16.NCP.ES..Freshwater","NotMeasured",7
"259","X2.7.Altered.Flow..Other","X2.16.NCP.ES..Freshwater","Increase",0
"260","X2.7.Altered.Flow..Other","X2.16.NCP.ES..Freshwater","Decrease",2
"261","X2.7.Altered.Flow..Other","X2.16.NCP.ES..Freshwater","Complex",0
"262","X2.7.Altered.Flow..Other","X2.16.NCP.ES..Freshwater","NotConsidered",16
"263","X2.7.Altered.Flow..Other","X2.16.NCP.ES..Freshwater","NoChangeMeasured",0
"264","X2.7.Altered.Flow..Other","X2.16.NCP.ES..Freshwater","NotMeasured",0
"265","X2.7.Altered.Flow..Quantity","X2.16.NCP.ES..Water.Quality","Increase",0
"266","X2.7.Altered.Flow..Quantity","X2.16.NCP.ES..Water.Quality","Decrease",23
"267","X2.7.Altered.Flow..Quantity","X2.16.NCP.ES..Water.Quality","Complex",0
"268","X2.7.Altered.Flow..Quantity","X2.16.NCP.ES..Water.Quality","NotConsidered",148
"269","X2.7.Altered.Flow..Quantity","X2.16.NCP.ES..Water.Quality","NoChangeMeasured",1
"270","X2.7.Altered.Flow..Quantity","X2.16.NCP.ES..Water.Quality","NotMeasured",17
"271","X2.7.Altered.Flow..Direction","X2.16.NCP.ES..Water.Quality","Increase",0
"272","X2.7.Altered.Flow..Direction","X2.16.NCP.ES..Water.Quality","Decrease",8
"273","X2.7.Altered.Flow..Direction","X2.16.NCP.ES..Water.Quality","Complex",0
"274","X2.7.Altered.Flow..Direction","X2.16.NCP.ES..Water.Quality","NotConsidered",53
"275","X2.7.Altered.Flow..Direction","X2.16.NCP.ES..Water.Quality","NoChangeMeasured",0
"276","X2.7.Altered.Flow..Direction","X2.16.NCP.ES..Water.Quality","NotMeasured",10
"277","X2.7.Altered.Flow..Location","X2.16.NCP.ES..Water.Quality","Increase",0
"278","X2.7.Altered.Flow..Location","X2.16.NCP.ES..Water.Quality","Decrease",6
"279","X2.7.Altered.Flow..Location","X2.16.NCP.ES..Water.Quality","Complex",0
"280","X2.7.Altered.Flow..Location","X2.16.NCP.ES..Water.Quality","NotConsidered",96
"281","X2.7.Altered.Flow..Location","X2.16.NCP.ES..Water.Quality","NoChangeMeasured",1
"282","X2.7.Altered.Flow..Location","X2.16.NCP.ES..Water.Quality","NotMeasured",9
"283","X2.7.Altered.Flow..Distance","X2.16.NCP.ES..Water.Quality","Increase",0
"284","X2.7.Altered.Flow..Distance","X2.16.NCP.ES..Water.Quality","Decrease",4
"285","X2.7.Altered.Flow..Distance","X2.16.NCP.ES..Water.Quality","Complex",0
"286","X2.7.Altered.Flow..Distance","X2.16.NCP.ES..Water.Quality","NotConsidered",39
"287","X2.7.Altered.Flow..Distance","X2.16.NCP.ES..Water.Quality","NoChangeMeasured",0
"288","X2.7.Altered.Flow..Distance","X2.16.NCP.ES..Water.Quality","NotMeasured",9
"289","X2.7.Altered.Flow..Timing","X2.16.NCP.ES..Water.Quality","Increase",0
"290","X2.7.Altered.Flow..Timing","X2.16.NCP.ES..Water.Quality","Decrease",9
"291","X2.7.Altered.Flow..Timing","X2.16.NCP.ES..Water.Quality","Complex",0
"292","X2.7.Altered.Flow..Timing","X2.16.NCP.ES..Water.Quality","NotConsidered",63
"293","X2.7.Altered.Flow..Timing","X2.16.NCP.ES..Water.Quality","NoChangeMeasured",0
"294","X2.7.Altered.Flow..Timing","X2.16.NCP.ES..Water.Quality","NotMeasured",8
"295","X2.7.Altered.Flow..Frequency","X2.16.NCP.ES..Water.Quality","Increase",0
"296","X2.7.Altered.Flow..Frequency","X2.16.NCP.ES..Water.Quality","Decrease",9
"297","X2.7.Altered.Flow..Frequency","X2.16.NCP.ES..Water.Quality","Complex",0
"298","X2.7.Altered.Flow..Frequency","X2.16.NCP.ES..Water.Quality","NotConsidered",45
"299","X2.7.Altered.Flow..Frequency","X2.16.NCP.ES..Water.Quality","NoChangeMeasured",0
"300","X2.7.Altered.Flow..Frequency","X2.16.NCP.ES..Water.Quality","NotMeasured",8
"301","X2.7.Altered.Flow..Duration","X2.16.NCP.ES..Water.Quality","Increase",0
"302","X2.7.Altered.Flow..Duration","X2.16.NCP.ES..Water.Quality","Decrease",11
"303","X2.7.Altered.Flow..Duration","X2.16.NCP.ES..Water.Quality","Complex",0
"304","X2.7.Altered.Flow..Duration","X2.16.NCP.ES..Water.Quality","NotConsidered",55
"305","X2.7.Altered.Flow..Duration","X2.16.NCP.ES..Water.Quality","NoChangeMeasured",1
"306","X2.7.Altered.Flow..Duration","X2.16.NCP.ES..Water.Quality","NotMeasured",8
"307","X2.7.Altered.Flow..Speed","X2.16.NCP.ES..Water.Quality","Increase",0
"308","X2.7.Altered.Flow..Speed","X2.16.NCP.ES..Water.Quality","Decrease",4
"309","X2.7.Altered.Flow..Speed","X2.16.NCP.ES..Water.Quality","Complex",0
"310","X2.7.Altered.Flow..Speed","X2.16.NCP.ES..Water.Quality","NotConsidered",29
"311","X2.7.Altered.Flow..Speed","X2.16.NCP.ES..Water.Quality","NoChangeMeasured",0
"312","X2.7.Altered.Flow..Speed","X2.16.NCP.ES..Water.Quality","NotMeasured",6
"313","X2.7.Altered.Flow..Feedbacks","X2.16.NCP.ES..Water.Quality","Increase",0
"314","X2.7.Altered.Flow..Feedbacks","X2.16.NCP.ES..Water.Quality","Decrease",11
"315","X2.7.Altered.Flow..Feedbacks","X2.16.NCP.ES..Water.Quality","Complex",0
"316","X2.7.Altered.Flow..Feedbacks","X2.16.NCP.ES..Water.Quality","NotConsidered",58
"317","X2.7.Altered.Flow..Feedbacks","X2.16.NCP.ES..Water.Quality","NoChangeMeasured",0
"318","X2.7.Altered.Flow..Feedbacks","X2.16.NCP.ES..Water.Quality","NotMeasured",10
"319","X2.7.Altered.Flow..Mechanism","X2.16.NCP.ES..Water.Quality","Increase",0
"320","X2.7.Altered.Flow..Mechanism","X2.16.NCP.ES..Water.Quality","Decrease",2
"321","X2.7.Altered.Flow..Mechanism","X2.16.NCP.ES..Water.Quality","Complex",0
"322","X2.7.Altered.Flow..Mechanism","X2.16.NCP.ES..Water.Quality","NotConsidered",41
"323","X2.7.Altered.Flow..Mechanism","X2.16.NCP.ES..Water.Quality","NoChangeMeasured",0
"324","X2.7.Altered.Flow..Mechanism","X2.16.NCP.ES..Water.Quality","NotMeasured",9
"325","X2.7.Altered.Flow..Other","X2.16.NCP.ES..Water.Quality","Increase",0
"326","X2.7.Altered.Flow..Other","X2.16.NCP.ES..Water.Quality","Decrease",3
"327","X2.7.Altered.Flow..Other","X2.16.NCP.ES..Water.Quality","Complex",0
"328","X2.7.Altered.Flow..Other","X2.16.NCP.ES..Water.Quality","NotConsidered",15
"329","X2.7.Altered.Flow..Other","X2.16.NCP.ES..Water.Quality","NoChangeMeasured",0
"330","X2.7.Altered.Flow..Other","X2.16.NCP.ES..Water.Quality","NotMeasured",1
"331","X2.7.Altered.Flow..Quantity","X2.16.NCP.ES..Soil.Protection","Increase",0
"332","X2.7.Altered.Flow..Quantity","X2.16.NCP.ES..Soil.Protection","Decrease",13
"333","X2.7.Altered.Flow..Quantity","X2.16.NCP.ES..Soil.Protection","Complex",0
"334","X2.7.Altered.Flow..Quantity","X2.16.NCP.ES..Soil.Protection","NotConsidered",167
"335","X2.7.Altered.Flow..Quantity","X2.16.NCP.ES..Soil.Protection","NoChangeMeasured",1
"336","X2.7.Altered.Flow..Quantity","X2.16.NCP.ES..Soil.Protection","NotMeasured",12
"337","X2.7.Altered.Flow..Direction","X2.16.NCP.ES..Soil.Protection","Increase",0
"338","X2.7.Altered.Flow..Direction","X2.16.NCP.ES..Soil.Protection","Decrease",6
"339","X2.7.Altered.Flow..Direction","X2.16.NCP.ES..Soil.Protection","Complex",0
"340","X2.7.Altered.Flow..Direction","X2.16.NCP.ES..Soil.Protection","NotConsidered",57
"341","X2.7.Altered.Flow..Direction","X2.16.NCP.ES..Soil.Protection","NoChangeMeasured",0
"342","X2.7.Altered.Flow..Direction","X2.16.NCP.ES..Soil.Protection","NotMeasured",11
"343","X2.7.Altered.Flow..Location","X2.16.NCP.ES..Soil.Protection","Increase",0
"344","X2.7.Altered.Flow..Location","X2.16.NCP.ES..Soil.Protection","Decrease",3
"345","X2.7.Altered.Flow..Location","X2.16.NCP.ES..Soil.Protection","Complex",0
"346","X2.7.Altered.Flow..Location","X2.16.NCP.ES..Soil.Protection","NotConsidered",101
"347","X2.7.Altered.Flow..Location","X2.16.NCP.ES..Soil.Protection","NoChangeMeasured",1
"348","X2.7.Altered.Flow..Location","X2.16.NCP.ES..Soil.Protection","NotMeasured",10
"349","X2.7.Altered.Flow..Distance","X2.16.NCP.ES..Soil.Protection","Increase",0
"350","X2.7.Altered.Flow..Distance","X2.16.NCP.ES..Soil.Protection","Decrease",5
"351","X2.7.Altered.Flow..Distance","X2.16.NCP.ES..Soil.Protection","Complex",0
"352","X2.7.Altered.Flow..Distance","X2.16.NCP.ES..Soil.Protection","NotConsidered",38
"353","X2.7.Altered.Flow..Distance","X2.16.NCP.ES..Soil.Protection","NoChangeMeasured",0
"354","X2.7.Altered.Flow..Distance","X2.16.NCP.ES..Soil.Protection","NotMeasured",10
"355","X2.7.Altered.Flow..Timing","X2.16.NCP.ES..Soil.Protection","Increase",0
"356","X2.7.Altered.Flow..Timing","X2.16.NCP.ES..Soil.Protection","Decrease",6
"357","X2.7.Altered.Flow..Timing","X2.16.NCP.ES..Soil.Protection","Complex",0
"358","X2.7.Altered.Flow..Timing","X2.16.NCP.ES..Soil.Protection","NotConsidered",68
"359","X2.7.Altered.Flow..Timing","X2.16.NCP.ES..Soil.Protection","NoChangeMeasured",0
"360","X2.7.Altered.Flow..Timing","X2.16.NCP.ES..Soil.Protection","NotMeasured",9
"361","X2.7.Altered.Flow..Frequency","X2.16.NCP.ES..Soil.Protection","Increase",0
"362","X2.7.Altered.Flow..Frequency","X2.16.NCP.ES..Soil.Protection","Decrease",5
"363","X2.7.Altered.Flow..Frequency","X2.16.NCP.ES..Soil.Protection","Complex",0
"364","X2.7.Altered.Flow..Frequency","X2.16.NCP.ES..Soil.Protection","NotConsidered",51
"365","X2.7.Altered.Flow..Frequency","X2.16.NCP.ES..Soil.Protection","NoChangeMeasured",0
"366","X2.7.Altered.Flow..Frequency","X2.16.NCP.ES..Soil.Protection","NotMeasured",7
"367","X2.7.Altered.Flow..Duration","X2.16.NCP.ES..Soil.Protection","Increase",0
"368","X2.7.Altered.Flow..Duration","X2.16.NCP.ES..Soil.Protection","Decrease",5
"369","X2.7.Altered.Flow..Duration","X2.16.NCP.ES..Soil.Protection","Complex",0
"370","X2.7.Altered.Flow..Duration","X2.16.NCP.ES..Soil.Protection","NotConsidered",63
"371","X2.7.Altered.Flow..Duration","X2.16.NCP.ES..Soil.Protection","NoChangeMeasured",1
"372","X2.7.Altered.Flow..Duration","X2.16.NCP.ES..Soil.Protection","NotMeasured",7
"373","X2.7.Altered.Flow..Speed","X2.16.NCP.ES..Soil.Protection","Increase",0
"374","X2.7.Altered.Flow..Speed","X2.16.NCP.ES..Soil.Protection","Decrease",5
"375","X2.7.Altered.Flow..Speed","X2.16.NCP.ES..Soil.Protection","Complex",0
"376","X2.7.Altered.Flow..Speed","X2.16.NCP.ES..Soil.Protection","NotConsidered",28
"377","X2.7.Altered.Flow..Speed","X2.16.NCP.ES..Soil.Protection","NoChangeMeasured",0
"378","X2.7.Altered.Flow..Speed","X2.16.NCP.ES..Soil.Protection","NotMeasured",7
"379","X2.7.Altered.Flow..Feedbacks","X2.16.NCP.ES..Soil.Protection","Increase",0
"380","X2.7.Altered.Flow..Feedbacks","X2.16.NCP.ES..Soil.Protection","Decrease",11
"381","X2.7.Altered.Flow..Feedbacks","X2.16.NCP.ES..Soil.Protection","Complex",0
"382","X2.7.Altered.Flow..Feedbacks","X2.16.NCP.ES..Soil.Protection","NotConsidered",60
"383","X2.7.Altered.Flow..Feedbacks","X2.16.NCP.ES..Soil.Protection","NoChangeMeasured",0
"384","X2.7.Altered.Flow..Feedbacks","X2.16.NCP.ES..Soil.Protection","NotMeasured",10
"385","X2.7.Altered.Flow..Mechanism","X2.16.NCP.ES..Soil.Protection","Increase",0
"386","X2.7.Altered.Flow..Mechanism","X2.16.NCP.ES..Soil.Protection","Decrease",3
"387","X2.7.Altered.Flow..Mechanism","X2.16.NCP.ES..Soil.Protection","Complex",0
"388","X2.7.Altered.Flow..Mechanism","X2.16.NCP.ES..Soil.Protection","NotConsidered",42
"389","X2.7.Altered.Flow..Mechanism","X2.16.NCP.ES..Soil.Protection","NoChangeMeasured",0
"390","X2.7.Altered.Flow..Mechanism","X2.16.NCP.ES..Soil.Protection","NotMeasured",9
"391","X2.7.Altered.Flow..Other","X2.16.NCP.ES..Soil.Protection","Increase",0
"392","X2.7.Altered.Flow..Other","X2.16.NCP.ES..Soil.Protection","Decrease",1
"393","X2.7.Altered.Flow..Other","X2.16.NCP.ES..Soil.Protection","Complex",0
"394","X2.7.Altered.Flow..Other","X2.16.NCP.ES..Soil.Protection","NotConsidered",18
"395","X2.7.Altered.Flow..Other","X2.16.NCP.ES..Soil.Protection","NoChangeMeasured",0
"396","X2.7.Altered.Flow..Other","X2.16.NCP.ES..Soil.Protection","NotMeasured",0
"397","X2.7.Altered.Flow..Quantity","X2.16.NCP.ES..Hazards","Increase",2
"398","X2.7.Altered.Flow..Quantity","X2.16.NCP.ES..Hazards","Decrease",8
"399","X2.7.Altered.Flow..Quantity","X2.16.NCP.ES..Hazards","Complex",0
"400","X2.7.Altered.Flow..Quantity","X2.16.NCP.ES..Hazards","NotConsidered",164
"401","X2.7.Altered.Flow..Quantity","X2.16.NCP.ES..Hazards","NoChangeMeasured",1
"402","X2.7.Altered.Flow..Quantity","X2.16.NCP.ES..Hazards","NotMeasured",14
"403","X2.7.Altered.Flow..Direction","X2.16.NCP.ES..Hazards","Increase",2
"404","X2.7.Altered.Flow..Direction","X2.16.NCP.ES..Hazards","Decrease",6
"405","X2.7.Altered.Flow..Direction","X2.16.NCP.ES..Hazards","Complex",0
"406","X2.7.Altered.Flow..Direction","X2.16.NCP.ES..Hazards","NotConsidered",51
"407","X2.7.Altered.Flow..Direction","X2.16.NCP.ES..Hazards","NoChangeMeasured",0
"408","X2.7.Altered.Flow..Direction","X2.16.NCP.ES..Hazards","NotMeasured",12
"409","X2.7.Altered.Flow..Location","X2.16.NCP.ES..Hazards","Increase",1
"410","X2.7.Altered.Flow..Location","X2.16.NCP.ES..Hazards","Decrease",5
"411","X2.7.Altered.Flow..Location","X2.16.NCP.ES..Hazards","Complex",0
"412","X2.7.Altered.Flow..Location","X2.16.NCP.ES..Hazards","NotConsidered",94
"413","X2.7.Altered.Flow..Location","X2.16.NCP.ES..Hazards","NoChangeMeasured",1
"414","X2.7.Altered.Flow..Location","X2.16.NCP.ES..Hazards","NotMeasured",10
"415","X2.7.Altered.Flow..Distance","X2.16.NCP.ES..Hazards","Increase",2
"416","X2.7.Altered.Flow..Distance","X2.16.NCP.ES..Hazards","Decrease",3
"417","X2.7.Altered.Flow..Distance","X2.16.NCP.ES..Hazards","Complex",0
"418","X2.7.Altered.Flow..Distance","X2.16.NCP.ES..Hazards","NotConsidered",35
"419","X2.7.Altered.Flow..Distance","X2.16.NCP.ES..Hazards","NoChangeMeasured",0
"420","X2.7.Altered.Flow..Distance","X2.16.NCP.ES..Hazards","NotMeasured",11
"421","X2.7.Altered.Flow..Timing","X2.16.NCP.ES..Hazards","Increase",1
"422","X2.7.Altered.Flow..Timing","X2.16.NCP.ES..Hazards","Decrease",7
"423","X2.7.Altered.Flow..Timing","X2.16.NCP.ES..Hazards","Complex",0
"424","X2.7.Altered.Flow..Timing","X2.16.NCP.ES..Hazards","NotConsidered",63
"425","X2.7.Altered.Flow..Timing","X2.16.NCP.ES..Hazards","NoChangeMeasured",0
"426","X2.7.Altered.Flow..Timing","X2.16.NCP.ES..Hazards","NotMeasured",9
"427","X2.7.Altered.Flow..Frequency","X2.16.NCP.ES..Hazards","Increase",1
"428","X2.7.Altered.Flow..Frequency","X2.16.NCP.ES..Hazards","Decrease",6
"429","X2.7.Altered.Flow..Frequency","X2.16.NCP.ES..Hazards","Complex",0
"430","X2.7.Altered.Flow..Frequency","X2.16.NCP.ES..Hazards","NotConsidered",47
"431","X2.7.Altered.Flow..Frequency","X2.16.NCP.ES..Hazards","NoChangeMeasured",0
"432","X2.7.Altered.Flow..Frequency","X2.16.NCP.ES..Hazards","NotMeasured",7
"433","X2.7.Altered.Flow..Duration","X2.16.NCP.ES..Hazards","Increase",1
"434","X2.7.Altered.Flow..Duration","X2.16.NCP.ES..Hazards","Decrease",6
"435","X2.7.Altered.Flow..Duration","X2.16.NCP.ES..Hazards","Complex",0
"436","X2.7.Altered.Flow..Duration","X2.16.NCP.ES..Hazards","NotConsidered",58
"437","X2.7.Altered.Flow..Duration","X2.16.NCP.ES..Hazards","NoChangeMeasured",1
"438","X2.7.Altered.Flow..Duration","X2.16.NCP.ES..Hazards","NotMeasured",7
"439","X2.7.Altered.Flow..Speed","X2.16.NCP.ES..Hazards","Increase",1
"440","X2.7.Altered.Flow..Speed","X2.16.NCP.ES..Hazards","Decrease",3
"441","X2.7.Altered.Flow..Speed","X2.16.NCP.ES..Hazards","Complex",0
"442","X2.7.Altered.Flow..Speed","X2.16.NCP.ES..Hazards","NotConsidered",27
"443","X2.7.Altered.Flow..Speed","X2.16.NCP.ES..Hazards","NoChangeMeasured",0
"444","X2.7.Altered.Flow..Speed","X2.16.NCP.ES..Hazards","NotMeasured",7
"445","X2.7.Altered.Flow..Feedbacks","X2.16.NCP.ES..Hazards","Increase",1
"446","X2.7.Altered.Flow..Feedbacks","X2.16.NCP.ES..Hazards","Decrease",6
"447","X2.7.Altered.Flow..Feedbacks","X2.16.NCP.ES..Hazards","Complex",0
"448","X2.7.Altered.Flow..Feedbacks","X2.16.NCP.ES..Hazards","NotConsidered",60
"449","X2.7.Altered.Flow..Feedbacks","X2.16.NCP.ES..Hazards","NoChangeMeasured",0
"450","X2.7.Altered.Flow..Feedbacks","X2.16.NCP.ES..Hazards","NotMeasured",11
"451","X2.7.Altered.Flow..Mechanism","X2.16.NCP.ES..Hazards","Increase",1
"452","X2.7.Altered.Flow..Mechanism","X2.16.NCP.ES..Hazards","Decrease",3
"453","X2.7.Altered.Flow..Mechanism","X2.16.NCP.ES..Hazards","Complex",0
"454","X2.7.Altered.Flow..Mechanism","X2.16.NCP.ES..Hazards","NotConsidered",36
"455","X2.7.Altered.Flow..Mechanism","X2.16.NCP.ES..Hazards","NoChangeMeasured",0
"456","X2.7.Altered.Flow..Mechanism","X2.16.NCP.ES..Hazards","NotMeasured",10
"457","X2.7.Altered.Flow..Other","X2.16.NCP.ES..Hazards","Increase",0
"458","X2.7.Altered.Flow..Other","X2.16.NCP.ES..Hazards","Decrease",2
"459","X2.7.Altered.Flow..Other","X2.16.NCP.ES..Hazards","Complex",0
"460","X2.7.Altered.Flow..Other","X2.16.NCP.ES..Hazards","NotConsidered",15
"461","X2.7.Altered.Flow..Other","X2.16.NCP.ES..Hazards","NoChangeMeasured",0
"462","X2.7.Altered.Flow..Other","X2.16.NCP.ES..Hazards","NotMeasured",2
"463","X2.7.Altered.Flow..Quantity","X2.16.NCP.ES..Organisms","Increase",8
"464","X2.7.Altered.Flow..Quantity","X2.16.NCP.ES..Organisms","Decrease",13
"465","X2.7.Altered.Flow..Quantity","X2.16.NCP.ES..Organisms","Complex",0
"466","X2.7.Altered.Flow..Quantity","X2.16.NCP.ES..Organisms","NotConsidered",157
"467","X2.7.Altered.Flow..Quantity","X2.16.NCP.ES..Organisms","NoChangeMeasured",0
"468","X2.7.Altered.Flow..Quantity","X2.16.NCP.ES..Organisms","NotMeasured",8
"469","X2.7.Altered.Flow..Direction","X2.16.NCP.ES..Organisms","Increase",7
"470","X2.7.Altered.Flow..Direction","X2.16.NCP.ES..Organisms","Decrease",7
"471","X2.7.Altered.Flow..Direction","X2.16.NCP.ES..Organisms","Complex",0
"472","X2.7.Altered.Flow..Direction","X2.16.NCP.ES..Organisms","NotConsidered",53
"473","X2.7.Altered.Flow..Direction","X2.16.NCP.ES..Organisms","NoChangeMeasured",0
"474","X2.7.Altered.Flow..Direction","X2.16.NCP.ES..Organisms","NotMeasured",3
"475","X2.7.Altered.Flow..Location","X2.16.NCP.ES..Organisms","Increase",9
"476","X2.7.Altered.Flow..Location","X2.16.NCP.ES..Organisms","Decrease",10
"477","X2.7.Altered.Flow..Location","X2.16.NCP.ES..Organisms","Complex",0
"478","X2.7.Altered.Flow..Location","X2.16.NCP.ES..Organisms","NotConsidered",88
"479","X2.7.Altered.Flow..Location","X2.16.NCP.ES..Organisms","NoChangeMeasured",0
"480","X2.7.Altered.Flow..Location","X2.16.NCP.ES..Organisms","NotMeasured",4
"481","X2.7.Altered.Flow..Distance","X2.16.NCP.ES..Organisms","Increase",3
"482","X2.7.Altered.Flow..Distance","X2.16.NCP.ES..Organisms","Decrease",6
"483","X2.7.Altered.Flow..Distance","X2.16.NCP.ES..Organisms","Complex",0
"484","X2.7.Altered.Flow..Distance","X2.16.NCP.ES..Organisms","NotConsidered",36
"485","X2.7.Altered.Flow..Distance","X2.16.NCP.ES..Organisms","NoChangeMeasured",0
"486","X2.7.Altered.Flow..Distance","X2.16.NCP.ES..Organisms","NotMeasured",5
"487","X2.7.Altered.Flow..Timing","X2.16.NCP.ES..Organisms","Increase",7
"488","X2.7.Altered.Flow..Timing","X2.16.NCP.ES..Organisms","Decrease",6
"489","X2.7.Altered.Flow..Timing","X2.16.NCP.ES..Organisms","Complex",0
"490","X2.7.Altered.Flow..Timing","X2.16.NCP.ES..Organisms","NotConsidered",62
"491","X2.7.Altered.Flow..Timing","X2.16.NCP.ES..Organisms","NoChangeMeasured",0
"492","X2.7.Altered.Flow..Timing","X2.16.NCP.ES..Organisms","NotMeasured",2
"493","X2.7.Altered.Flow..Frequency","X2.16.NCP.ES..Organisms","Increase",2
"494","X2.7.Altered.Flow..Frequency","X2.16.NCP.ES..Organisms","Decrease",5
"495","X2.7.Altered.Flow..Frequency","X2.16.NCP.ES..Organisms","Complex",0
"496","X2.7.Altered.Flow..Frequency","X2.16.NCP.ES..Organisms","NotConsidered",48
"497","X2.7.Altered.Flow..Frequency","X2.16.NCP.ES..Organisms","NoChangeMeasured",0
"498","X2.7.Altered.Flow..Frequency","X2.16.NCP.ES..Organisms","NotMeasured",3
"499","X2.7.Altered.Flow..Duration","X2.16.NCP.ES..Organisms","Increase",8
"500","X2.7.Altered.Flow..Duration","X2.16.NCP.ES..Organisms","Decrease",6
"501","X2.7.Altered.Flow..Duration","X2.16.NCP.ES..Organisms","Complex",0
"502","X2.7.Altered.Flow..Duration","X2.16.NCP.ES..Organisms","NotConsidered",56
"503","X2.7.Altered.Flow..Duration","X2.16.NCP.ES..Organisms","NoChangeMeasured",0
"504","X2.7.Altered.Flow..Duration","X2.16.NCP.ES..Organisms","NotMeasured",2
"505","X2.7.Altered.Flow..Speed","X2.16.NCP.ES..Organisms","Increase",2
"506","X2.7.Altered.Flow..Speed","X2.16.NCP.ES..Organisms","Decrease",2
"507","X2.7.Altered.Flow..Speed","X2.16.NCP.ES..Organisms","Complex",0
"508","X2.7.Altered.Flow..Speed","X2.16.NCP.ES..Organisms","NotConsidered",32
"509","X2.7.Altered.Flow..Speed","X2.16.NCP.ES..Organisms","NoChangeMeasured",0
"510","X2.7.Altered.Flow..Speed","X2.16.NCP.ES..Organisms","NotMeasured",0
"511","X2.7.Altered.Flow..Feedbacks","X2.16.NCP.ES..Organisms","Increase",7
"512","X2.7.Altered.Flow..Feedbacks","X2.16.NCP.ES..Organisms","Decrease",6
"513","X2.7.Altered.Flow..Feedbacks","X2.16.NCP.ES..Organisms","Complex",0
"514","X2.7.Altered.Flow..Feedbacks","X2.16.NCP.ES..Organisms","NotConsidered",57
"515","X2.7.Altered.Flow..Feedbacks","X2.16.NCP.ES..Organisms","NoChangeMeasured",0
"516","X2.7.Altered.Flow..Feedbacks","X2.16.NCP.ES..Organisms","NotMeasured",4
"517","X2.7.Altered.Flow..Mechanism","X2.16.NCP.ES..Organisms","Increase",7
"518","X2.7.Altered.Flow..Mechanism","X2.16.NCP.ES..Organisms","Decrease",4
"519","X2.7.Altered.Flow..Mechanism","X2.16.NCP.ES..Organisms","Complex",0
"520","X2.7.Altered.Flow..Mechanism","X2.16.NCP.ES..Organisms","NotConsidered",39
"521","X2.7.Altered.Flow..Mechanism","X2.16.NCP.ES..Organisms","NoChangeMeasured",0
"522","X2.7.Altered.Flow..Mechanism","X2.16.NCP.ES..Organisms","NotMeasured",0
"523","X2.7.Altered.Flow..Other","X2.16.NCP.ES..Organisms","Increase",0
"524","X2.7.Altered.Flow..Other","X2.16.NCP.ES..Organisms","Decrease",0
"525","X2.7.Altered.Flow..Other","X2.16.NCP.ES..Organisms","Complex",0
"526","X2.7.Altered.Flow..Other","X2.16.NCP.ES..Organisms","NotConsidered",18
"527","X2.7.Altered.Flow..Other","X2.16.NCP.ES..Organisms","NoChangeMeasured",0
"528","X2.7.Altered.Flow..Other","X2.16.NCP.ES..Organisms","NotMeasured",0
"529","X2.7.Altered.Flow..Quantity","X2.16.NCP.ES..Energy","Increase",0
"530","X2.7.Altered.Flow..Quantity","X2.16.NCP.ES..Energy","Decrease",5
"531","X2.7.Altered.Flow..Quantity","X2.16.NCP.ES..Energy","Complex",0
"532","X2.7.Altered.Flow..Quantity","X2.16.NCP.ES..Energy","NotConsidered",173
"533","X2.7.Altered.Flow..Quantity","X2.16.NCP.ES..Energy","NoChangeMeasured",1
"534","X2.7.Altered.Flow..Quantity","X2.16.NCP.ES..Energy","NotMeasured",13
"535","X2.7.Altered.Flow..Direction","X2.16.NCP.ES..Energy","Increase",0
"536","X2.7.Altered.Flow..Direction","X2.16.NCP.ES..Energy","Decrease",1
"537","X2.7.Altered.Flow..Direction","X2.16.NCP.ES..Energy","Complex",0
"538","X2.7.Altered.Flow..Direction","X2.16.NCP.ES..Energy","NotConsidered",62
"539","X2.7.Altered.Flow..Direction","X2.16.NCP.ES..Energy","NoChangeMeasured",0
"540","X2.7.Altered.Flow..Direction","X2.16.NCP.ES..Energy","NotMeasured",11
"541","X2.7.Altered.Flow..Location","X2.16.NCP.ES..Energy","Increase",0
"542","X2.7.Altered.Flow..Location","X2.16.NCP.ES..Energy","Decrease",2
"543","X2.7.Altered.Flow..Location","X2.16.NCP.ES..Energy","Complex",0
"544","X2.7.Altered.Flow..Location","X2.16.NCP.ES..Energy","NotConsidered",100
"545","X2.7.Altered.Flow..Location","X2.16.NCP.ES..Energy","NoChangeMeasured",1
"546","X2.7.Altered.Flow..Location","X2.16.NCP.ES..Energy","NotMeasured",11
"547","X2.7.Altered.Flow..Distance","X2.16.NCP.ES..Energy","Increase",0
"548","X2.7.Altered.Flow..Distance","X2.16.NCP.ES..Energy","Decrease",0
"549","X2.7.Altered.Flow..Distance","X2.16.NCP.ES..Energy","Complex",0
"550","X2.7.Altered.Flow..Distance","X2.16.NCP.ES..Energy","NotConsidered",43
"551","X2.7.Altered.Flow..Distance","X2.16.NCP.ES..Energy","NoChangeMeasured",0
"552","X2.7.Altered.Flow..Distance","X2.16.NCP.ES..Energy","NotMeasured",11
"553","X2.7.Altered.Flow..Timing","X2.16.NCP.ES..Energy","Increase",0
"554","X2.7.Altered.Flow..Timing","X2.16.NCP.ES..Energy","Decrease",4
"555","X2.7.Altered.Flow..Timing","X2.16.NCP.ES..Energy","Complex",0
"556","X2.7.Altered.Flow..Timing","X2.16.NCP.ES..Energy","NotConsidered",68
"557","X2.7.Altered.Flow..Timing","X2.16.NCP.ES..Energy","NoChangeMeasured",0
"558","X2.7.Altered.Flow..Timing","X2.16.NCP.ES..Energy","NotMeasured",9
"559","X2.7.Altered.Flow..Frequency","X2.16.NCP.ES..Energy","Increase",0
"560","X2.7.Altered.Flow..Frequency","X2.16.NCP.ES..Energy","Decrease",3
"561","X2.7.Altered.Flow..Frequency","X2.16.NCP.ES..Energy","Complex",0
"562","X2.7.Altered.Flow..Frequency","X2.16.NCP.ES..Energy","NotConsidered",52
"563","X2.7.Altered.Flow..Frequency","X2.16.NCP.ES..Energy","NoChangeMeasured",0
"564","X2.7.Altered.Flow..Frequency","X2.16.NCP.ES..Energy","NotMeasured",7
"565","X2.7.Altered.Flow..Duration","X2.16.NCP.ES..Energy","Increase",0
"566","X2.7.Altered.Flow..Duration","X2.16.NCP.ES..Energy","Decrease",2
"567","X2.7.Altered.Flow..Duration","X2.16.NCP.ES..Energy","Complex",0
"568","X2.7.Altered.Flow..Duration","X2.16.NCP.ES..Energy","NotConsidered",65
"569","X2.7.Altered.Flow..Duration","X2.16.NCP.ES..Energy","NoChangeMeasured",1
"570","X2.7.Altered.Flow..Duration","X2.16.NCP.ES..Energy","NotMeasured",8
"571","X2.7.Altered.Flow..Speed","X2.16.NCP.ES..Energy","Increase",0
"572","X2.7.Altered.Flow..Speed","X2.16.NCP.ES..Energy","Decrease",0
"573","X2.7.Altered.Flow..Speed","X2.16.NCP.ES..Energy","Complex",0
"574","X2.7.Altered.Flow..Speed","X2.16.NCP.ES..Energy","NotConsidered",33
"575","X2.7.Altered.Flow..Speed","X2.16.NCP.ES..Energy","NoChangeMeasured",0
"576","X2.7.Altered.Flow..Speed","X2.16.NCP.ES..Energy","NotMeasured",7
"577","X2.7.Altered.Flow..Feedbacks","X2.16.NCP.ES..Energy","Increase",0
"578","X2.7.Altered.Flow..Feedbacks","X2.16.NCP.ES..Energy","Decrease",2
"579","X2.7.Altered.Flow..Feedbacks","X2.16.NCP.ES..Energy","Complex",0
"580","X2.7.Altered.Flow..Feedbacks","X2.16.NCP.ES..Energy","NotConsidered",67
"581","X2.7.Altered.Flow..Feedbacks","X2.16.NCP.ES..Energy","NoChangeMeasured",0
"582","X2.7.Altered.Flow..Feedbacks","X2.16.NCP.ES..Energy","NotMeasured",11
"583","X2.7.Altered.Flow..Mechanism","X2.16.NCP.ES..Energy","Increase",0
"584","X2.7.Altered.Flow..Mechanism","X2.16.NCP.ES..Energy","Decrease",0
"585","X2.7.Altered.Flow..Mechanism","X2.16.NCP.ES..Energy","Complex",0
"586","X2.7.Altered.Flow..Mechanism","X2.16.NCP.ES..Energy","NotConsidered",44
"587","X2.7.Altered.Flow..Mechanism","X2.16.NCP.ES..Energy","NoChangeMeasured",0
"588","X2.7.Altered.Flow..Mechanism","X2.16.NCP.ES..Energy","NotMeasured",9
"589","X2.7.Altered.Flow..Other","X2.16.NCP.ES..Energy","Increase",0
"590","X2.7.Altered.Flow..Other","X2.16.NCP.ES..Energy","Decrease",0
"591","X2.7.Altered.Flow..Other","X2.16.NCP.ES..Energy","Complex",0
"592","X2.7.Altered.Flow..Other","X2.16.NCP.ES..Energy","NotConsidered",18
"593","X2.7.Altered.Flow..Other","X2.16.NCP.ES..Energy","NoChangeMeasured",1
"594","X2.7.Altered.Flow..Other","X2.16.NCP.ES..Energy","NotMeasured",0
"595","X2.7.Altered.Flow..Quantity","X2.16.NCP.ES..Food.Feed","Increase",3
"596","X2.7.Altered.Flow..Quantity","X2.16.NCP.ES..Food.Feed","Decrease",39
"597","X2.7.Altered.Flow..Quantity","X2.16.NCP.ES..Food.Feed","Complex",0
"598","X2.7.Altered.Flow..Quantity","X2.16.NCP.ES..Food.Feed","NotConsidered",123
"599","X2.7.Altered.Flow..Quantity","X2.16.NCP.ES..Food.Feed","NoChangeMeasured",1
"600","X2.7.Altered.Flow..Quantity","X2.16.NCP.ES..Food.Feed","NotMeasured",16
"601","X2.7.Altered.Flow..Direction","X2.16.NCP.ES..Food.Feed","Increase",1
"602","X2.7.Altered.Flow..Direction","X2.16.NCP.ES..Food.Feed","Decrease",19
"603","X2.7.Altered.Flow..Direction","X2.16.NCP.ES..Food.Feed","Complex",0
"604","X2.7.Altered.Flow..Direction","X2.16.NCP.ES..Food.Feed","NotConsidered",42
"605","X2.7.Altered.Flow..Direction","X2.16.NCP.ES..Food.Feed","NoChangeMeasured",0
"606","X2.7.Altered.Flow..Direction","X2.16.NCP.ES..Food.Feed","NotMeasured",6
"607","X2.7.Altered.Flow..Location","X2.16.NCP.ES..Food.Feed","Increase",1
"608","X2.7.Altered.Flow..Location","X2.16.NCP.ES..Food.Feed","Decrease",27
"609","X2.7.Altered.Flow..Location","X2.16.NCP.ES..Food.Feed","Complex",0
"610","X2.7.Altered.Flow..Location","X2.16.NCP.ES..Food.Feed","NotConsidered",66
"611","X2.7.Altered.Flow..Location","X2.16.NCP.ES..Food.Feed","NoChangeMeasured",1
"612","X2.7.Altered.Flow..Location","X2.16.NCP.ES..Food.Feed","NotMeasured",11
"613","X2.7.Altered.Flow..Distance","X2.16.NCP.ES..Food.Feed","Increase",1
"614","X2.7.Altered.Flow..Distance","X2.16.NCP.ES..Food.Feed","Decrease",15
"615","X2.7.Altered.Flow..Distance","X2.16.NCP.ES..Food.Feed","Complex",0
"616","X2.7.Altered.Flow..Distance","X2.16.NCP.ES..Food.Feed","NotConsidered",27
"617","X2.7.Altered.Flow..Distance","X2.16.NCP.ES..Food.Feed","NoChangeMeasured",0
"618","X2.7.Altered.Flow..Distance","X2.16.NCP.ES..Food.Feed","NotMeasured",6
"619","X2.7.Altered.Flow..Timing","X2.16.NCP.ES..Food.Feed","Increase",2
"620","X2.7.Altered.Flow..Timing","X2.16.NCP.ES..Food.Feed","Decrease",17
"621","X2.7.Altered.Flow..Timing","X2.16.NCP.ES..Food.Feed","Complex",0
"622","X2.7.Altered.Flow..Timing","X2.16.NCP.ES..Food.Feed","NotConsidered",49
"623","X2.7.Altered.Flow..Timing","X2.16.NCP.ES..Food.Feed","NoChangeMeasured",0
"624","X2.7.Altered.Flow..Timing","X2.16.NCP.ES..Food.Feed","NotMeasured",8
"625","X2.7.Altered.Flow..Frequency","X2.16.NCP.ES..Food.Feed","Increase",1
"626","X2.7.Altered.Flow..Frequency","X2.16.NCP.ES..Food.Feed","Decrease",15
"627","X2.7.Altered.Flow..Frequency","X2.16.NCP.ES..Food.Feed","Complex",0
"628","X2.7.Altered.Flow..Frequency","X2.16.NCP.ES..Food.Feed","NotConsidered",37
"629","X2.7.Altered.Flow..Frequency","X2.16.NCP.ES..Food.Feed","NoChangeMeasured",0
"630","X2.7.Altered.Flow..Frequency","X2.16.NCP.ES..Food.Feed","NotMeasured",4
"631","X2.7.Altered.Flow..Duration","X2.16.NCP.ES..Food.Feed","Increase",1
"632","X2.7.Altered.Flow..Duration","X2.16.NCP.ES..Food.Feed","Decrease",16
"633","X2.7.Altered.Flow..Duration","X2.16.NCP.ES..Food.Feed","Complex",0
"634","X2.7.Altered.Flow..Duration","X2.16.NCP.ES..Food.Feed","NotConsidered",48
"635","X2.7.Altered.Flow..Duration","X2.16.NCP.ES..Food.Feed","NoChangeMeasured",1
"636","X2.7.Altered.Flow..Duration","X2.16.NCP.ES..Food.Feed","NotMeasured",4
"637","X2.7.Altered.Flow..Speed","X2.16.NCP.ES..Food.Feed","Increase",1
"638","X2.7.Altered.Flow..Speed","X2.16.NCP.ES..Food.Feed","Decrease",12
"639","X2.7.Altered.Flow..Speed","X2.16.NCP.ES..Food.Feed","Complex",0
"640","X2.7.Altered.Flow..Speed","X2.16.NCP.ES..Food.Feed","NotConsidered",20
"641","X2.7.Altered.Flow..Speed","X2.16.NCP.ES..Food.Feed","NoChangeMeasured",0
"642","X2.7.Altered.Flow..Speed","X2.16.NCP.ES..Food.Feed","NotMeasured",3
"643","X2.7.Altered.Flow..Feedbacks","X2.16.NCP.ES..Food.Feed","Increase",1
"644","X2.7.Altered.Flow..Feedbacks","X2.16.NCP.ES..Food.Feed","Decrease",23
"645","X2.7.Altered.Flow..Feedbacks","X2.16.NCP.ES..Food.Feed","Complex",0
"646","X2.7.Altered.Flow..Feedbacks","X2.16.NCP.ES..Food.Feed","NotConsidered",43
"647","X2.7.Altered.Flow..Feedbacks","X2.16.NCP.ES..Food.Feed","NoChangeMeasured",0
"648","X2.7.Altered.Flow..Feedbacks","X2.16.NCP.ES..Food.Feed","NotMeasured",8
"649","X2.7.Altered.Flow..Mechanism","X2.16.NCP.ES..Food.Feed","Increase",1
"650","X2.7.Altered.Flow..Mechanism","X2.16.NCP.ES..Food.Feed","Decrease",15
"651","X2.7.Altered.Flow..Mechanism","X2.16.NCP.ES..Food.Feed","Complex",0
"652","X2.7.Altered.Flow..Mechanism","X2.16.NCP.ES..Food.Feed","NotConsidered",27
"653","X2.7.Altered.Flow..Mechanism","X2.16.NCP.ES..Food.Feed","NoChangeMeasured",0
"654","X2.7.Altered.Flow..Mechanism","X2.16.NCP.ES..Food.Feed","NotMeasured",6
"655","X2.7.Altered.Flow..Other","X2.16.NCP.ES..Food.Feed","Increase",1
"656","X2.7.Altered.Flow..Other","X2.16.NCP.ES..Food.Feed","Decrease",2
"657","X2.7.Altered.Flow..Other","X2.16.NCP.ES..Food.Feed","Complex",0
"658","X2.7.Altered.Flow..Other","X2.16.NCP.ES..Food.Feed","NotConsidered",7
"659","X2.7.Altered.Flow..Other","X2.16.NCP.ES..Food.Feed","NoChangeMeasured",1
"660","X2.7.Altered.Flow..Other","X2.16.NCP.ES..Food.Feed","NotMeasured",6
"661","X2.7.Altered.Flow..Quantity","X2.16.NCP.ES..Materials","Increase",1
"662","X2.7.Altered.Flow..Quantity","X2.16.NCP.ES..Materials","Decrease",7
"663","X2.7.Altered.Flow..Quantity","X2.16.NCP.ES..Materials","Complex",0
"664","X2.7.Altered.Flow..Quantity","X2.16.NCP.ES..Materials","NotConsidered",167
"665","X2.7.Altered.Flow..Quantity","X2.16.NCP.ES..Materials","NoChangeMeasured",1
"666","X2.7.Altered.Flow..Quantity","X2.16.NCP.ES..Materials","NotMeasured",15
"667","X2.7.Altered.Flow..Direction","X2.16.NCP.ES..Materials","Increase",0
"668","X2.7.Altered.Flow..Direction","X2.16.NCP.ES..Materials","Decrease",2
"669","X2.7.Altered.Flow..Direction","X2.16.NCP.ES..Materials","Complex",0
"670","X2.7.Altered.Flow..Direction","X2.16.NCP.ES..Materials","NotConsidered",60
"671","X2.7.Altered.Flow..Direction","X2.16.NCP.ES..Materials","NoChangeMeasured",0
"672","X2.7.Altered.Flow..Direction","X2.16.NCP.ES..Materials","NotMeasured",11
"673","X2.7.Altered.Flow..Location","X2.16.NCP.ES..Materials","Increase",0
"674","X2.7.Altered.Flow..Location","X2.16.NCP.ES..Materials","Decrease",7
"675","X2.7.Altered.Flow..Location","X2.16.NCP.ES..Materials","Complex",0
"676","X2.7.Altered.Flow..Location","X2.16.NCP.ES..Materials","NotConsidered",95
"677","X2.7.Altered.Flow..Location","X2.16.NCP.ES..Materials","NoChangeMeasured",1
"678","X2.7.Altered.Flow..Location","X2.16.NCP.ES..Materials","NotMeasured",10
"679","X2.7.Altered.Flow..Distance","X2.16.NCP.ES..Materials","Increase",0
"680","X2.7.Altered.Flow..Distance","X2.16.NCP.ES..Materials","Decrease",0
"681","X2.7.Altered.Flow..Distance","X2.16.NCP.ES..Materials","Complex",0
"682","X2.7.Altered.Flow..Distance","X2.16.NCP.ES..Materials","NotConsidered",42
"683","X2.7.Altered.Flow..Distance","X2.16.NCP.ES..Materials","NoChangeMeasured",0
"684","X2.7.Altered.Flow..Distance","X2.16.NCP.ES..Materials","NotMeasured",10
"685","X2.7.Altered.Flow..Timing","X2.16.NCP.ES..Materials","Increase",0
"686","X2.7.Altered.Flow..Timing","X2.16.NCP.ES..Materials","Decrease",4
"687","X2.7.Altered.Flow..Timing","X2.16.NCP.ES..Materials","Complex",0
"688","X2.7.Altered.Flow..Timing","X2.16.NCP.ES..Materials","NotConsidered",67
"689","X2.7.Altered.Flow..Timing","X2.16.NCP.ES..Materials","NoChangeMeasured",0
"690","X2.7.Altered.Flow..Timing","X2.16.NCP.ES..Materials","NotMeasured",10
"691","X2.7.Altered.Flow..Frequency","X2.16.NCP.ES..Materials","Increase",0
"692","X2.7.Altered.Flow..Frequency","X2.16.NCP.ES..Materials","Decrease",3
"693","X2.7.Altered.Flow..Frequency","X2.16.NCP.ES..Materials","Complex",0
"694","X2.7.Altered.Flow..Frequency","X2.16.NCP.ES..Materials","NotConsidered",51
"695","X2.7.Altered.Flow..Frequency","X2.16.NCP.ES..Materials","NoChangeMeasured",0
"696","X2.7.Altered.Flow..Frequency","X2.16.NCP.ES..Materials","NotMeasured",7
"697","X2.7.Altered.Flow..Duration","X2.16.NCP.ES..Materials","Increase",0
"698","X2.7.Altered.Flow..Duration","X2.16.NCP.ES..Materials","Decrease",6
"699","X2.7.Altered.Flow..Duration","X2.16.NCP.ES..Materials","Complex",0
"700","X2.7.Altered.Flow..Duration","X2.16.NCP.ES..Materials","NotConsidered",59
"701","X2.7.Altered.Flow..Duration","X2.16.NCP.ES..Materials","NoChangeMeasured",1
"702","X2.7.Altered.Flow..Duration","X2.16.NCP.ES..Materials","NotMeasured",8
"703","X2.7.Altered.Flow..Speed","X2.16.NCP.ES..Materials","Increase",0
"704","X2.7.Altered.Flow..Speed","X2.16.NCP.ES..Materials","Decrease",1
"705","X2.7.Altered.Flow..Speed","X2.16.NCP.ES..Materials","Complex",0
"706","X2.7.Altered.Flow..Speed","X2.16.NCP.ES..Materials","NotConsidered",30
"707","X2.7.Altered.Flow..Speed","X2.16.NCP.ES..Materials","NoChangeMeasured",0
"708","X2.7.Altered.Flow..Speed","X2.16.NCP.ES..Materials","NotMeasured",7
"709","X2.7.Altered.Flow..Feedbacks","X2.16.NCP.ES..Materials","Increase",0
"710","X2.7.Altered.Flow..Feedbacks","X2.16.NCP.ES..Materials","Decrease",5
"711","X2.7.Altered.Flow..Feedbacks","X2.16.NCP.ES..Materials","Complex",0
"712","X2.7.Altered.Flow..Feedbacks","X2.16.NCP.ES..Materials","NotConsidered",62
"713","X2.7.Altered.Flow..Feedbacks","X2.16.NCP.ES..Materials","NoChangeMeasured",0
"714","X2.7.Altered.Flow..Feedbacks","X2.16.NCP.ES..Materials","NotMeasured",11
"715","X2.7.Altered.Flow..Mechanism","X2.16.NCP.ES..Materials","Increase",0
"716","X2.7.Altered.Flow..Mechanism","X2.16.NCP.ES..Materials","Decrease",1
"717","X2.7.Altered.Flow..Mechanism","X2.16.NCP.ES..Materials","Complex",0
"718","X2.7.Altered.Flow..Mechanism","X2.16.NCP.ES..Materials","NotConsidered",42
"719","X2.7.Altered.Flow..Mechanism","X2.16.NCP.ES..Materials","NoChangeMeasured",0
"720","X2.7.Altered.Flow..Mechanism","X2.16.NCP.ES..Materials","NotMeasured",9
"721","X2.7.Altered.Flow..Other","X2.16.NCP.ES..Materials","Increase",0
"722","X2.7.Altered.Flow..Other","X2.16.NCP.ES..Materials","Decrease",2
"723","X2.7.Altered.Flow..Other","X2.16.NCP.ES..Materials","Complex",0
"724","X2.7.Altered.Flow..Other","X2.16.NCP.ES..Materials","NotConsidered",15
"725","X2.7.Altered.Flow..Other","X2.16.NCP.ES..Materials","NoChangeMeasured",1
"726","X2.7.Altered.Flow..Other","X2.16.NCP.ES..Materials","NotMeasured",1
"727","X2.7.Altered.Flow..Quantity","X2.16.NCP.ES..Medicinal","Increase",1
"728","X2.7.Altered.Flow..Quantity","X2.16.NCP.ES..Medicinal","Decrease",2
"729","X2.7.Altered.Flow..Quantity","X2.16.NCP.ES..Medicinal","Complex",0
"730","X2.7.Altered.Flow..Quantity","X2.16.NCP.ES..Medicinal","NotConsidered",179
"731","X2.7.Altered.Flow..Quantity","X2.16.NCP.ES..Medicinal","NoChangeMeasured",0
"732","X2.7.Altered.Flow..Quantity","X2.16.NCP.ES..Medicinal","NotMeasured",7
"733","X2.7.Altered.Flow..Direction","X2.16.NCP.ES..Medicinal","Increase",0
"734","X2.7.Altered.Flow..Direction","X2.16.NCP.ES..Medicinal","Decrease",2
"735","X2.7.Altered.Flow..Direction","X2.16.NCP.ES..Medicinal","Complex",0
"736","X2.7.Altered.Flow..Direction","X2.16.NCP.ES..Medicinal","NotConsidered",62
"737","X2.7.Altered.Flow..Direction","X2.16.NCP.ES..Medicinal","NoChangeMeasured",0
"738","X2.7.Altered.Flow..Direction","X2.16.NCP.ES..Medicinal","NotMeasured",7
"739","X2.7.Altered.Flow..Location","X2.16.NCP.ES..Medicinal","Increase",1
"740","X2.7.Altered.Flow..Location","X2.16.NCP.ES..Medicinal","Decrease",2
"741","X2.7.Altered.Flow..Location","X2.16.NCP.ES..Medicinal","Complex",0
"742","X2.7.Altered.Flow..Location","X2.16.NCP.ES..Medicinal","NotConsidered",102
"743","X2.7.Altered.Flow..Location","X2.16.NCP.ES..Medicinal","NoChangeMeasured",0
"744","X2.7.Altered.Flow..Location","X2.16.NCP.ES..Medicinal","NotMeasured",7
"745","X2.7.Altered.Flow..Distance","X2.16.NCP.ES..Medicinal","Increase",0
"746","X2.7.Altered.Flow..Distance","X2.16.NCP.ES..Medicinal","Decrease",2
"747","X2.7.Altered.Flow..Distance","X2.16.NCP.ES..Medicinal","Complex",0
"748","X2.7.Altered.Flow..Distance","X2.16.NCP.ES..Medicinal","NotConsidered",42
"749","X2.7.Altered.Flow..Distance","X2.16.NCP.ES..Medicinal","NoChangeMeasured",0
"750","X2.7.Altered.Flow..Distance","X2.16.NCP.ES..Medicinal","NotMeasured",6
"751","X2.7.Altered.Flow..Timing","X2.16.NCP.ES..Medicinal","Increase",0
"752","X2.7.Altered.Flow..Timing","X2.16.NCP.ES..Medicinal","Decrease",2
"753","X2.7.Altered.Flow..Timing","X2.16.NCP.ES..Medicinal","Complex",0
"754","X2.7.Altered.Flow..Timing","X2.16.NCP.ES..Medicinal","NotConsidered",72
"755","X2.7.Altered.Flow..Timing","X2.16.NCP.ES..Medicinal","NoChangeMeasured",0
"756","X2.7.Altered.Flow..Timing","X2.16.NCP.ES..Medicinal","NotMeasured",5
"757","X2.7.Altered.Flow..Frequency","X2.16.NCP.ES..Medicinal","Increase",0
"758","X2.7.Altered.Flow..Frequency","X2.16.NCP.ES..Medicinal","Decrease",2
"759","X2.7.Altered.Flow..Frequency","X2.16.NCP.ES..Medicinal","Complex",0
"760","X2.7.Altered.Flow..Frequency","X2.16.NCP.ES..Medicinal","NotConsidered",54
"761","X2.7.Altered.Flow..Frequency","X2.16.NCP.ES..Medicinal","NoChangeMeasured",0
"762","X2.7.Altered.Flow..Frequency","X2.16.NCP.ES..Medicinal","NotMeasured",4
"763","X2.7.Altered.Flow..Duration","X2.16.NCP.ES..Medicinal","Increase",1
"764","X2.7.Altered.Flow..Duration","X2.16.NCP.ES..Medicinal","Decrease",2
"765","X2.7.Altered.Flow..Duration","X2.16.NCP.ES..Medicinal","Complex",0
"766","X2.7.Altered.Flow..Duration","X2.16.NCP.ES..Medicinal","NotConsidered",66
"767","X2.7.Altered.Flow..Duration","X2.16.NCP.ES..Medicinal","NoChangeMeasured",0
"768","X2.7.Altered.Flow..Duration","X2.16.NCP.ES..Medicinal","NotMeasured",4
"769","X2.7.Altered.Flow..Speed","X2.16.NCP.ES..Medicinal","Increase",0
"770","X2.7.Altered.Flow..Speed","X2.16.NCP.ES..Medicinal","Decrease",2
"771","X2.7.Altered.Flow..Speed","X2.16.NCP.ES..Medicinal","Complex",0
"772","X2.7.Altered.Flow..Speed","X2.16.NCP.ES..Medicinal","NotConsidered",31
"773","X2.7.Altered.Flow..Speed","X2.16.NCP.ES..Medicinal","NoChangeMeasured",0
"774","X2.7.Altered.Flow..Speed","X2.16.NCP.ES..Medicinal","NotMeasured",4
"775","X2.7.Altered.Flow..Feedbacks","X2.16.NCP.ES..Medicinal","Increase",0
"776","X2.7.Altered.Flow..Feedbacks","X2.16.NCP.ES..Medicinal","Decrease",2
"777","X2.7.Altered.Flow..Feedbacks","X2.16.NCP.ES..Medicinal","Complex",0
"778","X2.7.Altered.Flow..Feedbacks","X2.16.NCP.ES..Medicinal","NotConsidered",69
"779","X2.7.Altered.Flow..Feedbacks","X2.16.NCP.ES..Medicinal","NoChangeMeasured",0
"780","X2.7.Altered.Flow..Feedbacks","X2.16.NCP.ES..Medicinal","NotMeasured",6
"781","X2.7.Altered.Flow..Mechanism","X2.16.NCP.ES..Medicinal","Increase",0
"782","X2.7.Altered.Flow..Mechanism","X2.16.NCP.ES..Medicinal","Decrease",2
"783","X2.7.Altered.Flow..Mechanism","X2.16.NCP.ES..Medicinal","Complex",0
"784","X2.7.Altered.Flow..Mechanism","X2.16.NCP.ES..Medicinal","NotConsidered",43
"785","X2.7.Altered.Flow..Mechanism","X2.16.NCP.ES..Medicinal","NoChangeMeasured",0
"786","X2.7.Altered.Flow..Mechanism","X2.16.NCP.ES..Medicinal","NotMeasured",6
"787","X2.7.Altered.Flow..Other","X2.16.NCP.ES..Medicinal","Increase",0
"788","X2.7.Altered.Flow..Other","X2.16.NCP.ES..Medicinal","Decrease",0
"789","X2.7.Altered.Flow..Other","X2.16.NCP.ES..Medicinal","Complex",0
"790","X2.7.Altered.Flow..Other","X2.16.NCP.ES..Medicinal","NotConsidered",19
"791","X2.7.Altered.Flow..Other","X2.16.NCP.ES..Medicinal","NoChangeMeasured",0
"792","X2.7.Altered.Flow..Other","X2.16.NCP.ES..Medicinal","NotMeasured",0
"793","X2.7.Altered.Flow..Quantity","X2.16.NCP.ES..Learning","Increase",2
"794","X2.7.Altered.Flow..Quantity","X2.16.NCP.ES..Learning","Decrease",4
"795","X2.7.Altered.Flow..Quantity","X2.16.NCP.ES..Learning","Complex",0
"796","X2.7.Altered.Flow..Quantity","X2.16.NCP.ES..Learning","NotConsidered",170
"797","X2.7.Altered.Flow..Quantity","X2.16.NCP.ES..Learning","NoChangeMeasured",2
"798","X2.7.Altered.Flow..Quantity","X2.16.NCP.ES..Learning","NotMeasured",11
"799","X2.7.Altered.Flow..Direction","X2.16.NCP.ES..Learning","Increase",1
"800","X2.7.Altered.Flow..Direction","X2.16.NCP.ES..Learning","Decrease",4
"801","X2.7.Altered.Flow..Direction","X2.16.NCP.ES..Learning","Complex",0
"802","X2.7.Altered.Flow..Direction","X2.16.NCP.ES..Learning","NotConsidered",57
"803","X2.7.Altered.Flow..Direction","X2.16.NCP.ES..Learning","NoChangeMeasured",0
"804","X2.7.Altered.Flow..Direction","X2.16.NCP.ES..Learning","NotMeasured",9
"805","X2.7.Altered.Flow..Location","X2.16.NCP.ES..Learning","Increase",1
"806","X2.7.Altered.Flow..Location","X2.16.NCP.ES..Learning","Decrease",4
"807","X2.7.Altered.Flow..Location","X2.16.NCP.ES..Learning","Complex",0
"808","X2.7.Altered.Flow..Location","X2.16.NCP.ES..Learning","NotConsidered",97
"809","X2.7.Altered.Flow..Location","X2.16.NCP.ES..Learning","NoChangeMeasured",1
"810","X2.7.Altered.Flow..Location","X2.16.NCP.ES..Learning","NotMeasured",9
"811","X2.7.Altered.Flow..Distance","X2.16.NCP.ES..Learning","Increase",1
"812","X2.7.Altered.Flow..Distance","X2.16.NCP.ES..Learning","Decrease",1
"813","X2.7.Altered.Flow..Distance","X2.16.NCP.ES..Learning","Complex",0
"814","X2.7.Altered.Flow..Distance","X2.16.NCP.ES..Learning","NotConsidered",40
"815","X2.7.Altered.Flow..Distance","X2.16.NCP.ES..Learning","NoChangeMeasured",0
"816","X2.7.Altered.Flow..Distance","X2.16.NCP.ES..Learning","NotMeasured",8
"817","X2.7.Altered.Flow..Timing","X2.16.NCP.ES..Learning","Increase",1
"818","X2.7.Altered.Flow..Timing","X2.16.NCP.ES..Learning","Decrease",2
"819","X2.7.Altered.Flow..Timing","X2.16.NCP.ES..Learning","Complex",0
"820","X2.7.Altered.Flow..Timing","X2.16.NCP.ES..Learning","NotConsidered",67
"821","X2.7.Altered.Flow..Timing","X2.16.NCP.ES..Learning","NoChangeMeasured",1
"822","X2.7.Altered.Flow..Timing","X2.16.NCP.ES..Learning","NotMeasured",8
"823","X2.7.Altered.Flow..Frequency","X2.16.NCP.ES..Learning","Increase",1
"824","X2.7.Altered.Flow..Frequency","X2.16.NCP.ES..Learning","Decrease",1
"825","X2.7.Altered.Flow..Frequency","X2.16.NCP.ES..Learning","Complex",0
"826","X2.7.Altered.Flow..Frequency","X2.16.NCP.ES..Learning","NotConsidered",51
"827","X2.7.Altered.Flow..Frequency","X2.16.NCP.ES..Learning","NoChangeMeasured",0
"828","X2.7.Altered.Flow..Frequency","X2.16.NCP.ES..Learning","NotMeasured",6
"829","X2.7.Altered.Flow..Duration","X2.16.NCP.ES..Learning","Increase",1
"830","X2.7.Altered.Flow..Duration","X2.16.NCP.ES..Learning","Decrease",1
"831","X2.7.Altered.Flow..Duration","X2.16.NCP.ES..Learning","Complex",0
"832","X2.7.Altered.Flow..Duration","X2.16.NCP.ES..Learning","NotConsidered",63
"833","X2.7.Altered.Flow..Duration","X2.16.NCP.ES..Learning","NoChangeMeasured",1
"834","X2.7.Altered.Flow..Duration","X2.16.NCP.ES..Learning","NotMeasured",6
"835","X2.7.Altered.Flow..Speed","X2.16.NCP.ES..Learning","Increase",1
"836","X2.7.Altered.Flow..Speed","X2.16.NCP.ES..Learning","Decrease",3
"837","X2.7.Altered.Flow..Speed","X2.16.NCP.ES..Learning","Complex",0
"838","X2.7.Altered.Flow..Speed","X2.16.NCP.ES..Learning","NotConsidered",27
"839","X2.7.Altered.Flow..Speed","X2.16.NCP.ES..Learning","NoChangeMeasured",0
"840","X2.7.Altered.Flow..Speed","X2.16.NCP.ES..Learning","NotMeasured",6
"841","X2.7.Altered.Flow..Feedbacks","X2.16.NCP.ES..Learning","Increase",1
"842","X2.7.Altered.Flow..Feedbacks","X2.16.NCP.ES..Learning","Decrease",4
"843","X2.7.Altered.Flow..Feedbacks","X2.16.NCP.ES..Learning","Complex",0
"844","X2.7.Altered.Flow..Feedbacks","X2.16.NCP.ES..Learning","NotConsidered",63
"845","X2.7.Altered.Flow..Feedbacks","X2.16.NCP.ES..Learning","NoChangeMeasured",0
"846","X2.7.Altered.Flow..Feedbacks","X2.16.NCP.ES..Learning","NotMeasured",9
"847","X2.7.Altered.Flow..Mechanism","X2.16.NCP.ES..Learning","Increase",1
"848","X2.7.Altered.Flow..Mechanism","X2.16.NCP.ES..Learning","Decrease",1
"849","X2.7.Altered.Flow..Mechanism","X2.16.NCP.ES..Learning","Complex",0
"850","X2.7.Altered.Flow..Mechanism","X2.16.NCP.ES..Learning","NotConsidered",40
"851","X2.7.Altered.Flow..Mechanism","X2.16.NCP.ES..Learning","NoChangeMeasured",0
"852","X2.7.Altered.Flow..Mechanism","X2.16.NCP.ES..Learning","NotMeasured",9
"853","X2.7.Altered.Flow..Other","X2.16.NCP.ES..Learning","Increase",0
"854","X2.7.Altered.Flow..Other","X2.16.NCP.ES..Learning","Decrease",0
"855","X2.7.Altered.Flow..Other","X2.16.NCP.ES..Learning","Complex",0
"856","X2.7.Altered.Flow..Other","X2.16.NCP.ES..Learning","NotConsidered",19
"857","X2.7.Altered.Flow..Other","X2.16.NCP.ES..Learning","NoChangeMeasured",0
"858","X2.7.Altered.Flow..Other","X2.16.NCP.ES..Learning","NotMeasured",0
"859","X2.7.Altered.Flow..Quantity","X2.16.NCP.ES..Experiences","Increase",1
"860","X2.7.Altered.Flow..Quantity","X2.16.NCP.ES..Experiences","Decrease",6
"861","X2.7.Altered.Flow..Quantity","X2.16.NCP.ES..Experiences","Complex",0
"862","X2.7.Altered.Flow..Quantity","X2.16.NCP.ES..Experiences","NotConsidered",168
"863","X2.7.Altered.Flow..Quantity","X2.16.NCP.ES..Experiences","NoChangeMeasured",1
"864","X2.7.Altered.Flow..Quantity","X2.16.NCP.ES..Experiences","NotMeasured",15
"865","X2.7.Altered.Flow..Direction","X2.16.NCP.ES..Experiences","Increase",1
"866","X2.7.Altered.Flow..Direction","X2.16.NCP.ES..Experiences","Decrease",1
"867","X2.7.Altered.Flow..Direction","X2.16.NCP.ES..Experiences","Complex",0
"868","X2.7.Altered.Flow..Direction","X2.16.NCP.ES..Experiences","NotConsidered",61
"869","X2.7.Altered.Flow..Direction","X2.16.NCP.ES..Experiences","NoChangeMeasured",0
"870","X2.7.Altered.Flow..Direction","X2.16.NCP.ES..Experiences","NotMeasured",11
"871","X2.7.Altered.Flow..Location","X2.16.NCP.ES..Experiences","Increase",1
"872","X2.7.Altered.Flow..Location","X2.16.NCP.ES..Experiences","Decrease",2
"873","X2.7.Altered.Flow..Location","X2.16.NCP.ES..Experiences","Complex",0
"874","X2.7.Altered.Flow..Location","X2.16.NCP.ES..Experiences","NotConsidered",100
"875","X2.7.Altered.Flow..Location","X2.16.NCP.ES..Experiences","NoChangeMeasured",1
"876","X2.7.Altered.Flow..Location","X2.16.NCP.ES..Experiences","NotMeasured",10
"877","X2.7.Altered.Flow..Distance","X2.16.NCP.ES..Experiences","Increase",1
"878","X2.7.Altered.Flow..Distance","X2.16.NCP.ES..Experiences","Decrease",1
"879","X2.7.Altered.Flow..Distance","X2.16.NCP.ES..Experiences","Complex",0
"880","X2.7.Altered.Flow..Distance","X2.16.NCP.ES..Experiences","NotConsidered",41
"881","X2.7.Altered.Flow..Distance","X2.16.NCP.ES..Experiences","NoChangeMeasured",0
"882","X2.7.Altered.Flow..Distance","X2.16.NCP.ES..Experiences","NotMeasured",10
"883","X2.7.Altered.Flow..Timing","X2.16.NCP.ES..Experiences","Increase",1
"884","X2.7.Altered.Flow..Timing","X2.16.NCP.ES..Experiences","Decrease",4
"885","X2.7.Altered.Flow..Timing","X2.16.NCP.ES..Experiences","Complex",0
"886","X2.7.Altered.Flow..Timing","X2.16.NCP.ES..Experiences","NotConsidered",67
"887","X2.7.Altered.Flow..Timing","X2.16.NCP.ES..Experiences","NoChangeMeasured",0
"888","X2.7.Altered.Flow..Timing","X2.16.NCP.ES..Experiences","NotMeasured",10
"889","X2.7.Altered.Flow..Frequency","X2.16.NCP.ES..Experiences","Increase",1
"890","X2.7.Altered.Flow..Frequency","X2.16.NCP.ES..Experiences","Decrease",1
"891","X2.7.Altered.Flow..Frequency","X2.16.NCP.ES..Experiences","Complex",0
"892","X2.7.Altered.Flow..Frequency","X2.16.NCP.ES..Experiences","NotConsidered",52
"893","X2.7.Altered.Flow..Frequency","X2.16.NCP.ES..Experiences","NoChangeMeasured",0
"894","X2.7.Altered.Flow..Frequency","X2.16.NCP.ES..Experiences","NotMeasured",7
"895","X2.7.Altered.Flow..Duration","X2.16.NCP.ES..Experiences","Increase",1
"896","X2.7.Altered.Flow..Duration","X2.16.NCP.ES..Experiences","Decrease",2
"897","X2.7.Altered.Flow..Duration","X2.16.NCP.ES..Experiences","Complex",0
"898","X2.7.Altered.Flow..Duration","X2.16.NCP.ES..Experiences","NotConsidered",61
"899","X2.7.Altered.Flow..Duration","X2.16.NCP.ES..Experiences","NoChangeMeasured",1
"900","X2.7.Altered.Flow..Duration","X2.16.NCP.ES..Experiences","NotMeasured",8
"901","X2.7.Altered.Flow..Speed","X2.16.NCP.ES..Experiences","Increase",1
"902","X2.7.Altered.Flow..Speed","X2.16.NCP.ES..Experiences","Decrease",1
"903","X2.7.Altered.Flow..Speed","X2.16.NCP.ES..Experiences","Complex",0
"904","X2.7.Altered.Flow..Speed","X2.16.NCP.ES..Experiences","NotConsidered",31
"905","X2.7.Altered.Flow..Speed","X2.16.NCP.ES..Experiences","NoChangeMeasured",0
"906","X2.7.Altered.Flow..Speed","X2.16.NCP.ES..Experiences","NotMeasured",6
"907","X2.7.Altered.Flow..Feedbacks","X2.16.NCP.ES..Experiences","Increase",1
"908","X2.7.Altered.Flow..Feedbacks","X2.16.NCP.ES..Experiences","Decrease",2
"909","X2.7.Altered.Flow..Feedbacks","X2.16.NCP.ES..Experiences","Complex",0
"910","X2.7.Altered.Flow..Feedbacks","X2.16.NCP.ES..Experiences","NotConsidered",64
"911","X2.7.Altered.Flow..Feedbacks","X2.16.NCP.ES..Experiences","NoChangeMeasured",0
"912","X2.7.Altered.Flow..Feedbacks","X2.16.NCP.ES..Experiences","NotMeasured",12
"913","X2.7.Altered.Flow..Mechanism","X2.16.NCP.ES..Experiences","Increase",1
"914","X2.7.Altered.Flow..Mechanism","X2.16.NCP.ES..Experiences","Decrease",1
"915","X2.7.Altered.Flow..Mechanism","X2.16.NCP.ES..Experiences","Complex",0
"916","X2.7.Altered.Flow..Mechanism","X2.16.NCP.ES..Experiences","NotConsidered",43
"917","X2.7.Altered.Flow..Mechanism","X2.16.NCP.ES..Experiences","NoChangeMeasured",0
"918","X2.7.Altered.Flow..Mechanism","X2.16.NCP.ES..Experiences","NotMeasured",8
"919","X2.7.Altered.Flow..Other","X2.16.NCP.ES..Experiences","Increase",0
"920","X2.7.Altered.Flow..Other","X2.16.NCP.ES..Experiences","Decrease",1
"921","X2.7.Altered.Flow..Other","X2.16.NCP.ES..Experiences","Complex",0
"922","X2.7.Altered.Flow..Other","X2.16.NCP.ES..Experiences","NotConsidered",17
"923","X2.7.Altered.Flow..Other","X2.16.NCP.ES..Experiences","NoChangeMeasured",0
"924","X2.7.Altered.Flow..Other","X2.16.NCP.ES..Experiences","NotMeasured",1
"925","X2.7.Altered.Flow..Quantity","X2.16.NCP.ES..Identities","Increase",1
"926","X2.7.Altered.Flow..Quantity","X2.16.NCP.ES..Identities","Decrease",16
"927","X2.7.Altered.Flow..Quantity","X2.16.NCP.ES..Identities","Complex",0
"928","X2.7.Altered.Flow..Quantity","X2.16.NCP.ES..Identities","NotConsidered",150
"929","X2.7.Altered.Flow..Quantity","X2.16.NCP.ES..Identities","NoChangeMeasured",1
"930","X2.7.Altered.Flow..Quantity","X2.16.NCP.ES..Identities","NotMeasured",19
"931","X2.7.Altered.Flow..Direction","X2.16.NCP.ES..Identities","Increase",1
"932","X2.7.Altered.Flow..Direction","X2.16.NCP.ES..Identities","Decrease",12
"933","X2.7.Altered.Flow..Direction","X2.16.NCP.ES..Identities","Complex",0
"934","X2.7.Altered.Flow..Direction","X2.16.NCP.ES..Identities","NotConsidered",45
"935","X2.7.Altered.Flow..Direction","X2.16.NCP.ES..Identities","NoChangeMeasured",0
"936","X2.7.Altered.Flow..Direction","X2.16.NCP.ES..Identities","NotMeasured",12
"937","X2.7.Altered.Flow..Location","X2.16.NCP.ES..Identities","Increase",1
"938","X2.7.Altered.Flow..Location","X2.16.NCP.ES..Identities","Decrease",15
"939","X2.7.Altered.Flow..Location","X2.16.NCP.ES..Identities","Complex",0
"940","X2.7.Altered.Flow..Location","X2.16.NCP.ES..Identities","NotConsidered",81
"941","X2.7.Altered.Flow..Location","X2.16.NCP.ES..Identities","NoChangeMeasured",1
"942","X2.7.Altered.Flow..Location","X2.16.NCP.ES..Identities","NotMeasured",12
"943","X2.7.Altered.Flow..Distance","X2.16.NCP.ES..Identities","Increase",1
"944","X2.7.Altered.Flow..Distance","X2.16.NCP.ES..Identities","Decrease",5
"945","X2.7.Altered.Flow..Distance","X2.16.NCP.ES..Identities","Complex",0
"946","X2.7.Altered.Flow..Distance","X2.16.NCP.ES..Identities","NotConsidered",34
"947","X2.7.Altered.Flow..Distance","X2.16.NCP.ES..Identities","NoChangeMeasured",0
"948","X2.7.Altered.Flow..Distance","X2.16.NCP.ES..Identities","NotMeasured",10
"949","X2.7.Altered.Flow..Timing","X2.16.NCP.ES..Identities","Increase",1
"950","X2.7.Altered.Flow..Timing","X2.16.NCP.ES..Identities","Decrease",12
"951","X2.7.Altered.Flow..Timing","X2.16.NCP.ES..Identities","Complex",0
"952","X2.7.Altered.Flow..Timing","X2.16.NCP.ES..Identities","NotConsidered",52
"953","X2.7.Altered.Flow..Timing","X2.16.NCP.ES..Identities","NoChangeMeasured",0
"954","X2.7.Altered.Flow..Timing","X2.16.NCP.ES..Identities","NotMeasured",13
"955","X2.7.Altered.Flow..Frequency","X2.16.NCP.ES..Identities","Increase",1
"956","X2.7.Altered.Flow..Frequency","X2.16.NCP.ES..Identities","Decrease",5
"957","X2.7.Altered.Flow..Frequency","X2.16.NCP.ES..Identities","Complex",0
"958","X2.7.Altered.Flow..Frequency","X2.16.NCP.ES..Identities","NotConsidered",45
"959","X2.7.Altered.Flow..Frequency","X2.16.NCP.ES..Identities","NoChangeMeasured",0
"960","X2.7.Altered.Flow..Frequency","X2.16.NCP.ES..Identities","NotMeasured",7
"961","X2.7.Altered.Flow..Duration","X2.16.NCP.ES..Identities","Increase",1
"962","X2.7.Altered.Flow..Duration","X2.16.NCP.ES..Identities","Decrease",11
"963","X2.7.Altered.Flow..Duration","X2.16.NCP.ES..Identities","Complex",0
"964","X2.7.Altered.Flow..Duration","X2.16.NCP.ES..Identities","NotConsidered",48
"965","X2.7.Altered.Flow..Duration","X2.16.NCP.ES..Identities","NoChangeMeasured",1
"966","X2.7.Altered.Flow..Duration","X2.16.NCP.ES..Identities","NotMeasured",9
"967","X2.7.Altered.Flow..Speed","X2.16.NCP.ES..Identities","Increase",1
"968","X2.7.Altered.Flow..Speed","X2.16.NCP.ES..Identities","Decrease",4
"969","X2.7.Altered.Flow..Speed","X2.16.NCP.ES..Identities","Complex",0
"970","X2.7.Altered.Flow..Speed","X2.16.NCP.ES..Identities","NotConsidered",24
"971","X2.7.Altered.Flow..Speed","X2.16.NCP.ES..Identities","NoChangeMeasured",0
"972","X2.7.Altered.Flow..Speed","X2.16.NCP.ES..Identities","NotMeasured",6
"973","X2.7.Altered.Flow..Feedbacks","X2.16.NCP.ES..Identities","Increase",1
"974","X2.7.Altered.Flow..Feedbacks","X2.16.NCP.ES..Identities","Decrease",12
"975","X2.7.Altered.Flow..Feedbacks","X2.16.NCP.ES..Identities","Complex",0
"976","X2.7.Altered.Flow..Feedbacks","X2.16.NCP.ES..Identities","NotConsidered",51
"977","X2.7.Altered.Flow..Feedbacks","X2.16.NCP.ES..Identities","NoChangeMeasured",0
"978","X2.7.Altered.Flow..Feedbacks","X2.16.NCP.ES..Identities","NotMeasured",11
"979","X2.7.Altered.Flow..Mechanism","X2.16.NCP.ES..Identities","Increase",1
"980","X2.7.Altered.Flow..Mechanism","X2.16.NCP.ES..Identities","Decrease",11
"981","X2.7.Altered.Flow..Mechanism","X2.16.NCP.ES..Identities","Complex",0
"982","X2.7.Altered.Flow..Mechanism","X2.16.NCP.ES..Identities","NotConsidered",29
"983","X2.7.Altered.Flow..Mechanism","X2.16.NCP.ES..Identities","NoChangeMeasured",0
"984","X2.7.Altered.Flow..Mechanism","X2.16.NCP.ES..Identities","NotMeasured",8
"985","X2.7.Altered.Flow..Other","X2.16.NCP.ES..Identities","Increase",0
"986","X2.7.Altered.Flow..Other","X2.16.NCP.ES..Identities","Decrease",2
"987","X2.7.Altered.Flow..Other","X2.16.NCP.ES..Identities","Complex",0
"988","X2.7.Altered.Flow..Other","X2.16.NCP.ES..Identities","NotConsidered",16
"989","X2.7.Altered.Flow..Other","X2.16.NCP.ES..Identities","NoChangeMeasured",0
"990","X2.7.Altered.Flow..Other","X2.16.NCP.ES..Identities","NotMeasured",1
"991","X2.7.Altered.Flow..Quantity","X2.16.NCP.ES..Options","Increase",1
"992","X2.7.Altered.Flow..Quantity","X2.16.NCP.ES..Options","Decrease",7
"993","X2.7.Altered.Flow..Quantity","X2.16.NCP.ES..Options","Complex",0
"994","X2.7.Altered.Flow..Quantity","X2.16.NCP.ES..Options","NotConsidered",172
"995","X2.7.Altered.Flow..Quantity","X2.16.NCP.ES..Options","NoChangeMeasured",1
"996","X2.7.Altered.Flow..Quantity","X2.16.NCP.ES..Options","NotMeasured",8
"997","X2.7.Altered.Flow..Direction","X2.16.NCP.ES..Options","Increase",1
"998","X2.7.Altered.Flow..Direction","X2.16.NCP.ES..Options","Decrease",3
"999","X2.7.Altered.Flow..Direction","X2.16.NCP.ES..Options","Complex",0
"1000","X2.7.Altered.Flow..Direction","X2.16.NCP.ES..Options","NotConsidered",60
"1001","X2.7.Altered.Flow..Direction","X2.16.NCP.ES..Options","NoChangeMeasured",0
"1002","X2.7.Altered.Flow..Direction","X2.16.NCP.ES..Options","NotMeasured",7
"1003","X2.7.Altered.Flow..Location","X2.16.NCP.ES..Options","Increase",2
"1004","X2.7.Altered.Flow..Location","X2.16.NCP.ES..Options","Decrease",3
"1005","X2.7.Altered.Flow..Location","X2.16.NCP.ES..Options","Complex",0
"1006","X2.7.Altered.Flow..Location","X2.16.NCP.ES..Options","NotConsidered",99
"1007","X2.7.Altered.Flow..Location","X2.16.NCP.ES..Options","NoChangeMeasured",1
"1008","X2.7.Altered.Flow..Location","X2.16.NCP.ES..Options","NotMeasured",6
"1009","X2.7.Altered.Flow..Distance","X2.16.NCP.ES..Options","Increase",2
"1010","X2.7.Altered.Flow..Distance","X2.16.NCP.ES..Options","Decrease",1
"1011","X2.7.Altered.Flow..Distance","X2.16.NCP.ES..Options","Complex",0
"1012","X2.7.Altered.Flow..Distance","X2.16.NCP.ES..Options","NotConsidered",41
"1013","X2.7.Altered.Flow..Distance","X2.16.NCP.ES..Options","NoChangeMeasured",0
"1014","X2.7.Altered.Flow..Distance","X2.16.NCP.ES..Options","NotMeasured",6
"1015","X2.7.Altered.Flow..Timing","X2.16.NCP.ES..Options","Increase",1
"1016","X2.7.Altered.Flow..Timing","X2.16.NCP.ES..Options","Decrease",5
"1017","X2.7.Altered.Flow..Timing","X2.16.NCP.ES..Options","Complex",0
"1018","X2.7.Altered.Flow..Timing","X2.16.NCP.ES..Options","NotConsidered",68
"1019","X2.7.Altered.Flow..Timing","X2.16.NCP.ES..Options","NoChangeMeasured",0
"1020","X2.7.Altered.Flow..Timing","X2.16.NCP.ES..Options","NotMeasured",5
"1021","X2.7.Altered.Flow..Frequency","X2.16.NCP.ES..Options","Increase",1
"1022","X2.7.Altered.Flow..Frequency","X2.16.NCP.ES..Options","Decrease",4
"1023","X2.7.Altered.Flow..Frequency","X2.16.NCP.ES..Options","Complex",0
"1024","X2.7.Altered.Flow..Frequency","X2.16.NCP.ES..Options","NotConsidered",51
"1025","X2.7.Altered.Flow..Frequency","X2.16.NCP.ES..Options","NoChangeMeasured",0
"1026","X2.7.Altered.Flow..Frequency","X2.16.NCP.ES..Options","NotMeasured",4
"1027","X2.7.Altered.Flow..Duration","X2.16.NCP.ES..Options","Increase",1
"1028","X2.7.Altered.Flow..Duration","X2.16.NCP.ES..Options","Decrease",6
"1029","X2.7.Altered.Flow..Duration","X2.16.NCP.ES..Options","Complex",0
"1030","X2.7.Altered.Flow..Duration","X2.16.NCP.ES..Options","NotConsidered",61
"1031","X2.7.Altered.Flow..Duration","X2.16.NCP.ES..Options","NoChangeMeasured",1
"1032","X2.7.Altered.Flow..Duration","X2.16.NCP.ES..Options","NotMeasured",4
"1033","X2.7.Altered.Flow..Speed","X2.16.NCP.ES..Options","Increase",1
"1034","X2.7.Altered.Flow..Speed","X2.16.NCP.ES..Options","Decrease",1
"1035","X2.7.Altered.Flow..Speed","X2.16.NCP.ES..Options","Complex",0
"1036","X2.7.Altered.Flow..Speed","X2.16.NCP.ES..Options","NotConsidered",31
"1037","X2.7.Altered.Flow..Speed","X2.16.NCP.ES..Options","NoChangeMeasured",0
"1038","X2.7.Altered.Flow..Speed","X2.16.NCP.ES..Options","NotMeasured",3
"1039","X2.7.Altered.Flow..Feedbacks","X2.16.NCP.ES..Options","Increase",1
"1040","X2.7.Altered.Flow..Feedbacks","X2.16.NCP.ES..Options","Decrease",6
"1041","X2.7.Altered.Flow..Feedbacks","X2.16.NCP.ES..Options","Complex",0
"1042","X2.7.Altered.Flow..Feedbacks","X2.16.NCP.ES..Options","NotConsidered",64
"1043","X2.7.Altered.Flow..Feedbacks","X2.16.NCP.ES..Options","NoChangeMeasured",0
"1044","X2.7.Altered.Flow..Feedbacks","X2.16.NCP.ES..Options","NotMeasured",6
"1045","X2.7.Altered.Flow..Mechanism","X2.16.NCP.ES..Options","Increase",1
"1046","X2.7.Altered.Flow..Mechanism","X2.16.NCP.ES..Options","Decrease",3
"1047","X2.7.Altered.Flow..Mechanism","X2.16.NCP.ES..Options","Complex",0
"1048","X2.7.Altered.Flow..Mechanism","X2.16.NCP.ES..Options","NotConsidered",41
"1049","X2.7.Altered.Flow..Mechanism","X2.16.NCP.ES..Options","NoChangeMeasured",0
"1050","X2.7.Altered.Flow..Mechanism","X2.16.NCP.ES..Options","NotMeasured",5
"1051","X2.7.Altered.Flow..Other","X2.16.NCP.ES..Options","Increase",0
"1052","X2.7.Altered.Flow..Other","X2.16.NCP.ES..Options","Decrease",2
"1053","X2.7.Altered.Flow..Other","X2.16.NCP.ES..Options","Complex",0
"1054","X2.7.Altered.Flow..Other","X2.16.NCP.ES..Options","NotConsidered",17
"1055","X2.7.Altered.Flow..Other","X2.16.NCP.ES..Options","NoChangeMeasured",0
"1056","X2.7.Altered.Flow..Other","X2.16.NCP.ES..Options","NotMeasured",0
"1057","X2.7.Altered.Flow..Quantity","X2.16.NCP.ES..Other","Increase",4
"1058","X2.7.Altered.Flow..Quantity","X2.16.NCP.ES..Other","Decrease",2
"1059","X2.7.Altered.Flow..Quantity","X2.16.NCP.ES..Other","Complex",0
"1060","X2.7.Altered.Flow..Quantity","X2.16.NCP.ES..Other","NotConsidered",186
"1061","X2.7.Altered.Flow..Quantity","X2.16.NCP.ES..Other","NoChangeMeasured",0
"1062","X2.7.Altered.Flow..Quantity","X2.16.NCP.ES..Other","NotMeasured",1
"1063","X2.7.Altered.Flow..Direction","X2.16.NCP.ES..Other","Increase",0
"1064","X2.7.Altered.Flow..Direction","X2.16.NCP.ES..Other","Decrease",0
"1065","X2.7.Altered.Flow..Direction","X2.16.NCP.ES..Other","Complex",0
"1066","X2.7.Altered.Flow..Direction","X2.16.NCP.ES..Other","NotConsidered",75
"1067","X2.7.Altered.Flow..Direction","X2.16.NCP.ES..Other","NoChangeMeasured",0
"1068","X2.7.Altered.Flow..Direction","X2.16.NCP.ES..Other","NotMeasured",0
"1069","X2.7.Altered.Flow..Location","X2.16.NCP.ES..Other","Increase",2
"1070","X2.7.Altered.Flow..Location","X2.16.NCP.ES..Other","Decrease",1
"1071","X2.7.Altered.Flow..Location","X2.16.NCP.ES..Other","Complex",0
"1072","X2.7.Altered.Flow..Location","X2.16.NCP.ES..Other","NotConsidered",112
"1073","X2.7.Altered.Flow..Location","X2.16.NCP.ES..Other","NoChangeMeasured",0
"1074","X2.7.Altered.Flow..Location","X2.16.NCP.ES..Other","NotMeasured",0
"1075","X2.7.Altered.Flow..Distance","X2.16.NCP.ES..Other","Increase",0
"1076","X2.7.Altered.Flow..Distance","X2.16.NCP.ES..Other","Decrease",0
"1077","X2.7.Altered.Flow..Distance","X2.16.NCP.ES..Other","Complex",0
"1078","X2.7.Altered.Flow..Distance","X2.16.NCP.ES..Other","NotConsidered",54
"1079","X2.7.Altered.Flow..Distance","X2.16.NCP.ES..Other","NoChangeMeasured",0
"1080","X2.7.Altered.Flow..Distance","X2.16.NCP.ES..Other","NotMeasured",0
"1081","X2.7.Altered.Flow..Timing","X2.16.NCP.ES..Other","Increase",0
"1082","X2.7.Altered.Flow..Timing","X2.16.NCP.ES..Other","Decrease",1
"1083","X2.7.Altered.Flow..Timing","X2.16.NCP.ES..Other","Complex",0
"1084","X2.7.Altered.Flow..Timing","X2.16.NCP.ES..Other","NotConsidered",82
"1085","X2.7.Altered.Flow..Timing","X2.16.NCP.ES..Other","NoChangeMeasured",0
"1086","X2.7.Altered.Flow..Timing","X2.16.NCP.ES..Other","NotMeasured",0
"1087","X2.7.Altered.Flow..Frequency","X2.16.NCP.ES..Other","Increase",0
"1088","X2.7.Altered.Flow..Frequency","X2.16.NCP.ES..Other","Decrease",0
"1089","X2.7.Altered.Flow..Frequency","X2.16.NCP.ES..Other","Complex",0
"1090","X2.7.Altered.Flow..Frequency","X2.16.NCP.ES..Other","NotConsidered",63
"1091","X2.7.Altered.Flow..Frequency","X2.16.NCP.ES..Other","NoChangeMeasured",0
"1092","X2.7.Altered.Flow..Frequency","X2.16.NCP.ES..Other","NotMeasured",0
"1093","X2.7.Altered.Flow..Duration","X2.16.NCP.ES..Other","Increase",0
"1094","X2.7.Altered.Flow..Duration","X2.16.NCP.ES..Other","Decrease",1
"1095","X2.7.Altered.Flow..Duration","X2.16.NCP.ES..Other","Complex",0
"1096","X2.7.Altered.Flow..Duration","X2.16.NCP.ES..Other","NotConsidered",75
"1097","X2.7.Altered.Flow..Duration","X2.16.NCP.ES..Other","NoChangeMeasured",0
"1098","X2.7.Altered.Flow..Duration","X2.16.NCP.ES..Other","NotMeasured",0
"1099","X2.7.Altered.Flow..Speed","X2.16.NCP.ES..Other","Increase",0
"1100","X2.7.Altered.Flow..Speed","X2.16.NCP.ES..Other","Decrease",0
"1101","X2.7.Altered.Flow..Speed","X2.16.NCP.ES..Other","Complex",0
"1102","X2.7.Altered.Flow..Speed","X2.16.NCP.ES..Other","NotConsidered",40
"1103","X2.7.Altered.Flow..Speed","X2.16.NCP.ES..Other","NoChangeMeasured",0
"1104","X2.7.Altered.Flow..Speed","X2.16.NCP.ES..Other","NotMeasured",0
"1105","X2.7.Altered.Flow..Feedbacks","X2.16.NCP.ES..Other","Increase",0
"1106","X2.7.Altered.Flow..Feedbacks","X2.16.NCP.ES..Other","Decrease",0
"1107","X2.7.Altered.Flow..Feedbacks","X2.16.NCP.ES..Other","Complex",0
"1108","X2.7.Altered.Flow..Feedbacks","X2.16.NCP.ES..Other","NotConsidered",81
"1109","X2.7.Altered.Flow..Feedbacks","X2.16.NCP.ES..Other","NoChangeMeasured",0
"1110","X2.7.Altered.Flow..Feedbacks","X2.16.NCP.ES..Other","NotMeasured",0
"1111","X2.7.Altered.Flow..Mechanism","X2.16.NCP.ES..Other","Increase",0
"1112","X2.7.Altered.Flow..Mechanism","X2.16.NCP.ES..Other","Decrease",1
"1113","X2.7.Altered.Flow..Mechanism","X2.16.NCP.ES..Other","Complex",0
"1114","X2.7.Altered.Flow..Mechanism","X2.16.NCP.ES..Other","NotConsidered",53
"1115","X2.7.Altered.Flow..Mechanism","X2.16.NCP.ES..Other","NoChangeMeasured",0
"1116","X2.7.Altered.Flow..Mechanism","X2.16.NCP.ES..Other","NotMeasured",0
"1117","X2.7.Altered.Flow..Other","X2.16.NCP.ES..Other","Increase",0
"1118","X2.7.Altered.Flow..Other","X2.16.NCP.ES..Other","Decrease",0
"1119","X2.7.Altered.Flow..Other","X2.16.NCP.ES..Other","Complex",0
"1120","X2.7.Altered.Flow..Other","X2.16.NCP.ES..Other","NotConsidered",19
"1121","X2.7.Altered.Flow..Other","X2.16.NCP.ES..Other","NoChangeMeasured",0
"1122","X2.7.Altered.Flow..Other","X2.16.NCP.ES..Other","NotMeasured",0
